year,magnitude,fire,harvest,insects,age,deciduous,conifers,protected,elevation,precipitation,temperature,precipitation_lag,temperature_lag,longitude,latitude
2006, -506,NA,NA,NA, 63.35,73.68,26.17,0,359,1009,5.50, 848,4.09,-6023413,5088216
2013, -634,NA,NA,NA, 74.98,96.72, 2.96,0,437,1168,3.50, 980,5.22,-6072987,5126208
2009,-1172,NA,NA,NA, 73.82,63.79,36.21,0,334, 953,3.91,1051,4.66,-6076694,5132231
2015,-1459,NA,NA,NA, 89.00,85.54,14.34,0,378, 837,4.06,1076,4.12,-6067891,5124354
2006, -598,NA,NA,NA, 53.22,52.95,46.87,0,310,1009,5.11, 857,3.70,-6037312,5115320
2018,-1369,NA,NA,NA,117.90,54.80,45.17,0,310, 960,4.91, 996,5.04,-6013220,5094934
2010,  553,NA,NA,NA, 70.70,75.19,24.82,0,483, 979,5.60,1054,3.92,-6110052,5032155
2019, -854,NA,NA,NA, 84.28,94.72, 4.89,0,518,1277,3.20,1127,4.58,-6141789,5071537
2016, -641,NA,NA,NA, 76.70,91.11, 8.85,0,407, 960,5.19, 976,3.98,-6077852,5052773
2010, -531,NA,NA,NA, 72.24,79.42,20.19,0,430, 958,5.88,1042,4.22,-6114685,5025669
2015, -839,NA,NA,NA, 81.78,68.65,29.15,0,407, 839,4.05,1097,4.09,-6074146,5131999
2021,  866,NA,NA,NA, 81.78,80.01,19.96,0,482, 997,5.79,1130,4.25,-6132986,5077097
2007,  777,NA,NA,NA, 51.52,86.22,13.78,0,373, 863,4.30, 866,4.63,-6023644,5089143
2005, -976,NA, 1,NA, 61.86,81.82,18.07,0,402, 891,4.47, 963,3.55,-6088277,5116478
2014, -817,NA,NA,NA, 46.97,71.26,28.75,0,291, 961,3.75, 938,5.36,-6034069,5088216
2013, -676,NA,NA,NA, 80.96,80.56,19.29,0,431,1181,3.66, 987,5.35,-6091288,5117405
2014, -607,NA,NA,NA, 95.36,63.49,34.88,0,258, 935,3.60, 938,5.14,-5999089,5124123
2010, -456,NA,NA,NA, 72.76,61.54,38.41,0,479,1011,5.50,1088,3.88,-6127890,5042348
2012,  532,NA,NA,NA, 10.65,71.68,26.70,0,446, 904,5.89,1000,4.70,-6100323,5050456
2008, -361,NA,NA,NA, 69.38,77.01,22.98,0,282, 997,3.89, 884,4.70,-6008587,5124586
2008, -898,NA,NA,NA, 94.59,63.27,35.26,0,298, 999,4.39, 874,5.25,-6026424,5082193
2009,  364,NA,NA,NA, 57.76,51.47,47.49,0,329, 987,4.50, 972,5.26,-6059088,5043506
2007,-1135,NA, 1,NA, 51.62,76.80,22.86,0,407, 856,4.44, 901,4.77,-6078315,5045128
2015, -645,NA,NA,NA, 72.54,53.75,45.80,0,432, 868,4.11, 990,4.26,-6072292,5065050
2013, -607,NA,NA,NA, 89.42,68.37,31.24,0,289,1014,4.49, 896,6.00,-6031057,5086594
2010,-1320,NA,NA,NA, 68.24,80.53,19.43,0,508,1011,5.48,1095,3.86,-6128585,5034472
2016, -490,NA,NA,NA, 80.14,81.97,17.92,0,498,1007,5.06,1035,3.81,-6109126,5032619
2012,  983,NA,NA,NA, 78.16,73.08,26.28,0,269, 842,6.33, 913,5.30,-6034301,5085900
2007,-1034,NA,NA,NA, 75.16,88.63, 9.88,0,397, 983,4.94,1007,5.03,-6177001,5034472
2005, -746,NA,NA,NA, 56.88,58.87,41.02,0,389, 822,4.20, 874,3.33,-6024108,5119026
2019, 1837,NA,NA,NA, 65.47,13.14,76.36,0,251, 980,3.73, 984,5.07,-6016463,5106517
2019,-1261,NA,NA,NA, 66.96,30.57,68.37,0,289, 925,3.20, 948,4.57,-6015768,5128988
2011,  765,NA,NA,NA, 71.44,88.31,11.69,0,474, 994,5.17,1088,4.47,-6115149,5028449
2014,  975,NA,NA,NA, 77.30,69.38,30.47,0,469,1261,3.19,1127,5.00,-6148739,5065050
2014,-1368,NA,NA,NA, 73.12,78.57,20.45,0,235, 947,4.29, 915,5.84,-6028046,5080571
2016, -438,NA,NA,NA, 74.54,73.07,26.85,0,433, 979,5.12, 995,3.91,-6086655,5045360
2013, -820,NA, 1,NA, 68.23,46.74,52.21,0,397,1219,3.90,1010,5.63,-6114685,5114625
2005, -741,NA,NA,NA, 74.34,65.71,34.14,0,409, 954,5.00,1046,4.20,-6160322,5061112
2006,-1651,NA,NA,NA, 72.48,94.07, 5.91,0,413,1098,5.60,1025,4.16,-6159163,5069220
2015, -575,NA,NA,NA, 74.28,81.56,18.22,0,431, 903,4.69, 995,4.86,-6111211,5021267
2017, -783,NA,NA,NA, 68.66,47.99,51.70,0,444,1272,4.48, 964,4.18,-6086655,5050456
2015, -901,NA, 1,NA, 42.48,42.34,56.38,0,321, 828,4.29, 968,4.43,-6038239,5102115
2006, -807,NA,NA,NA, 74.96,90.84, 9.02,0,405,1096,5.62,1024,4.22,-6159395,5069220
2013, -596,NA,NA,NA, 73.26,84.07,15.94,0,373,1038,4.05, 912,5.57,-6042872,5080108
2014, 1685,NA,NA,NA, 79.36,82.37,17.37,0,503,1262,3.08,1132,4.83,-6143179,5067135
2013, -886,NA,NA,NA, 77.38,89.69,10.02,0,455,1173,3.61, 989,5.21,-6083180,5100262
2013, -517,NA,NA,NA, 70.46,82.22,17.62,0,479,1078,4.10, 942,5.60,-6077157,5045128
2004,-1103,NA,NA,NA, 70.00,69.55,30.32,0,454, 923,3.59, 960,4.46,-6117234,5040958
2011,-1243,NA,NA,NA, 79.62,58.52,41.12,0,369, 971,5.78,1058,5.09,-6118392,5021962
2010,-1327,NA,NA,NA, 70.62,83.48,16.50,0,503, 969,5.40,1035,3.70,-6102408,5043738
2017, 1277,NA,NA,NA, 70.17,28.48,66.47,0,236,1124,4.99, 890,4.71,-6016231,5106285
2007, -401,NA,NA,NA, 60.92,61.70,38.30,0,365, 864,4.14, 867,4.43,-6034764,5091923
2006, -701,NA,NA,NA, 50.76,50.95,49.05,0,390,1027,4.90, 871,3.50,-6041482,5104895
2010, -935,NA,NA,NA, 28.68,65.22,34.66,0,325, 920,5.77,1006,4.05,-6066269,5132231
2010,-1032,NA,NA,NA, 57.08,77.19,22.81,0,512,1004,5.40,1084,3.78,-6121635,5037252
2010, -887,NA,NA,NA, 73.14,88.85,10.96,0,518, 990,5.50,1070,3.82,-6118160,5030070
2020,-1406,NA, 1,NA, 78.76,59.75,40.22,0,290, 896,5.13, 957,4.02,-6005807,5128988
2012, -612,NA,NA,NA, 60.16,71.43,28.03,0,444, 871,6.10, 996,4.91,-6099628,5034703
2005, -896,NA,NA,NA, 52.82,60.30,39.13,0,377, 843,4.20, 898,3.26,-6039629,5127829
2007,-1902,NA, 1,NA, 32.22,82.80,16.98,0,359, 993,4.53, 962,4.57,-6096385,5127598
2020, -874,NA,NA,NA, 77.76,59.66,39.06,0,277, 987,5.87,1063,4.59,-6035459,5084973
2006, -907,NA,NA,NA, 70.92,66.58,33.42,0,330,1055,5.48, 936,4.01,-6091056,5122038
2013, -492,NA,NA,NA, 78.98,83.26,16.74,0,457,1069,4.11, 934,5.63,-6077620,5045360
2015, -679,NA,NA,NA, 83.84,86.87,13.13,0,476, 874,3.90,1132,3.93,-6094068,5112308
2010,-1144,NA,NA,NA, 73.14,87.24,12.55,0,510, 976,5.32,1042,3.64,-6098933,5043275
2012, -654,NA,NA,NA, 55.96,37.13,62.53,0,273, 857,6.12, 909,5.10,-6021560,5104664
2010, -907,NA,NA,NA, 59.98,71.95,28.06,0,489, 988,5.60,1065,3.93,-6117002,5034008
2017,-1072,NA,NA,NA,109.88,74.34,25.62,0,298,1172,4.83, 911,4.56,-6037775,5087753
2011, 1003,NA,NA,NA, 70.84,28.80,66.00,0,270, 961,5.41, 908,4.85,-5994456,5113698
2021,  811,NA,NA,NA, 88.14,85.82,14.05,0,502,1036,5.71,1171,4.21,-6144106,5060417
2006, 1127,NA,NA,NA, 69.14,62.93,36.78,0,270, 987,5.58, 830,4.16,-6023876,5102810
2021,  786,NA,NA,NA, 86.26,87.81,12.18,1,475, 990,5.70,1120,4.13,-6104493,5062271
2006,-1893,NA,NA,NA, 71.60,77.68,22.25,0,410,1075,5.20, 959,3.74,-6098933,5113698
2013,  709,NA,NA,NA, 73.30,85.81,14.11,0,438,1162,3.97, 984,5.47,-6112137,5059491
2018, 2029,NA,NA,NA, 25.45,67.16,32.54,0,405, 908,3.92, 949,4.20,-6045420,5129683
2015,  764,NA,NA,NA, 45.45,24.37,73.35,0,253, 812,4.50, 950,4.66,-6034069,5106285
2005, -534,NA,NA,NA, 97.12,74.78,24.84,0,375, 793,4.82, 846,4.00,-6017390,5092618
2007,-1942,NA,NA,NA, 75.68,90.41, 9.44,0,448,1032,4.62,1017,4.62,-6158700,5069452
2007,-1260,NA,NA,NA, 70.50,60.97,39.00,0,418, 929,3.72, 923,3.88,-6044957,5126671
2013, -791,NA, 1,NA, 66.43,40.58,59.42,0,364,1088,3.53, 937,5.14,-6036386,5127366
2010,  890,NA,NA,NA, 80.14,51.48,46.72,0,436,1021,5.50,1086,3.91,-6114454,5094471
2017,-1045,NA,NA,NA, 73.78,50.57,49.22,0,310,1174,4.79, 914,4.48,-6040324,5086594
2016, 1062,NA,NA,NA, 75.86,79.88,20.11,0,437,1019,5.50,1097,4.18,-6151055,5033314
2014, 1403,NA,NA,NA, 80.06,57.82,41.42,0,463,1266,3.10,1126,4.92,-6136693,5078950
2013, -540,NA,NA,NA, 63.30,88.85,11.15,0,332,1010,4.58, 894,6.07,-6046810,5063892
2017, -774,NA,NA,NA, 59.64,65.90,34.10,0,359,1139,4.36, 926,4.05,-6042177,5101884
2010, -984,NA,NA,NA, 64.22,68.10,31.71,0,389, 928,5.96, 984,4.22,-6077852,5045823
2019,-1255,NA, 1,NA, 81.04,71.81,28.17,0,289, 923,3.29, 950,4.61,-6006502,5128293
2012,-1059,NA,NA,NA, 76.92,82.81,17.01,0,502, 888,5.90,1006,4.70,-6098238,5038642
2005, -681,NA, 1,NA, 61.68,74.87,25.11,0,292, 782,4.96, 836,4.11,-6035227,5090069
2013, -674,NA,NA,NA, 70.94,79.61,20.27,0,432,1059,4.23, 925,5.73,-6077852,5045360
2008, -624,NA,NA,NA, 66.00,50.06,47.95,0,452,1294,3.90,1034,4.72,-6134608,5089143
2015, -603,NA,NA,NA, 80.31,75.00,24.83,0,425, 900,4.61,1016,4.77,-6119550,5026364
2014, -842,NA,NA,NA, 59.55,16.93,83.06,0,274, 982,3.40, 953,5.00,-6033142,5114857
2016, -558,NA,NA,NA, 81.86,88.02,11.74,0,503, 999,4.89,1051,3.60,-6105187,5054858
2016, -589,NA,NA,NA, 82.20,81.78,18.21,0,481,1005,5.32,1051,4.02,-6132523,5021962
2008, -538,NA,NA,NA, 69.04,81.16,18.83,0,367,1101,4.60, 892,5.46,-6071134,5032850
2014, -422,NA,NA,NA, 81.88,25.11,74.71,1,395,1101,3.09,1028,4.74,-6077389,5097714
2015, 1260,NA,NA,NA, 71.60,87.57,12.21,0,467, 917,4.44, 991,4.63,-6075767,5035398
2010, -632,NA, 1,NA, 43.06,29.46,69.49,0,262, 879,5.91, 919,4.08,-6029204,5111382
2013, -510,NA,NA,NA, 75.30,12.27,78.69,0,215, 992,4.45, 884,5.99,-6005575,5118100
2021,  655,NA,NA,NA,115.30,41.01,58.06,0,188, 772,7.07, 930,5.29,-5996077,5109760
2011, -896,NA,NA,NA, 73.68,78.75,21.22,0,420, 968,5.17,1038,4.51,-6091520,5041421
2017, -863,NA,NA,NA,102.68,69.28,29.77,0,197,1145,5.42, 887,5.20,-5991444,5109065
2020,-1325,NA, 1,NA, 73.62,67.53,32.31,0,288, 898,5.10, 957,3.98,-6007660,5129219
2008, -640,NA,NA,NA, 94.34,64.91,28.05,0,289, 997,4.46, 871,5.31,-6027351,5081266
2013, -651,NA,NA,NA, 92.65,78.45,21.53,0,427,1057,4.27, 923,5.76,-6078315,5044896
2015, -745,NA,NA,NA, 75.96,72.21,27.66,0,414, 841,4.00,1099,4.05,-6073914,5132231
2007, -865,NA,NA,NA, 78.54,75.98,24.01,0,394, 979,4.95,1007,5.05,-6174221,5034008
2019,  877,NA,NA,NA, 66.78,31.58,66.82,0,364, 968,2.94, 978,4.31,-6026656,5122270
2019,-1679,NA,NA,NA, 78.53,30.63,69.11,0,290, 925,3.20, 947,4.54,-6016000,5129219
2010, -812,NA,NA,NA, 76.38,82.07,17.78,0,466, 980,5.63,1057,4.00,-6117465,5032387
2020,  803,NA,NA,NA, 78.56,58.59,39.05,0,409,1175,5.89,1241,4.76,-6167735,5029375
2009, -559,NA, 1,NA,100.28,71.28,28.72,0,363, 931,3.90, 968,4.61,-6021096,5086594
2015, -570,NA,NA,NA, 83.22,78.96,20.98,0,444, 873,4.00,1125,4.09,-6092215,5107444
2013, -616,NA,NA,NA, 79.30,79.10,20.90,0,406,1193,3.82, 994,5.53,-6097080,5117868
2019,  155,NA,NA,NA, 92.65,72.66,26.92,0,486,1284,3.30,1149,4.70,-6113759,5033545
2019,-1125,NA,NA,NA, 65.12,48.66,51.32,0,387,1055,3.20,1030,4.59,-6042177,5090764
2015, -785,NA,NA,NA, 83.94,92.12, 7.71,0,434, 901,4.62,1001,4.80,-6114454,5023121
2018,-1168,NA, 1,NA, 34.77,25.88,63.50,0,271, 907,4.62, 941,4.81,-6034764,5106054
2013, -569,NA,NA,NA, 68.24,75.92,24.08,0,463,1071,4.12, 936,5.62,-6077157,5045591
2010, -807,NA,NA,NA, 78.62,91.96, 7.84,0,463,1063,5.60,1136,4.02,-6146654,5075938
2005, -984,NA,NA,NA, 60.50,62.59,37.37,1,416, 843,4.21, 904,3.35,-6060478,5098177
2012, -964,NA,NA,NA, 77.27,72.80,27.19,0,474, 903,5.96,1015,4.76,-6112369,5037252
2011,  893,NA,NA,NA, 66.32,71.09,28.86,0,214, 936,6.11, 911,5.52,-6024339,5079413
2012, 1003,NA,NA,NA, 75.56,90.98, 8.92,0,484, 997,6.07,1085,4.85,-6162175,5045360
2010,-1312,NA,NA,NA, 55.30,67.58,32.17,0,357, 928,5.61,1016,3.94,-6067659,5131767
2012,  243,NA,NA,NA, 43.56,32.03,67.30,0,309, 903,5.76, 927,4.70,-6038239,5115783
2016, -559,NA,NA,NA, 78.52,82.25,17.74,0,476, 982,4.70,1036,3.44,-6086192,5073622
2014, 1353,NA,NA,NA, 64.24,95.77, 4.00,0,530,1275,3.00,1141,4.77,-6146886,5065050
2006,  784,NA,NA,NA,102.14,78.40,21.54,0,365,1007,5.49, 844,4.07,-6017390,5092849
2018,-1181,NA,NA,NA, 42.90,67.92,32.08,0,218, 866,4.88, 926,5.04,-5981946,5131536
2020, -828,NA,NA,NA, 82.84,61.02,38.93,0,409, 949,4.66,1003,3.57,-6035459,5120185
2016, -637,NA,NA,NA, 82.68,80.00,19.85,0,492,1008,5.10,1031,3.86,-6106346,5031229
2016, -542,NA,NA,NA, 84.76,84.16,15.75,1,472, 991,5.00,1018,3.77,-6098933,5042116
2013, -360,NA,NA,NA,113.52,85.41,14.59,0,242, 983,4.31, 889,5.87,-5985421,5130841
2015, -753,NA,NA,NA, 84.06,79.94,19.95,0,423, 952,4.68,1190,4.78,-6175611,5052078
2019, 1511,NA,NA,NA, 93.84,54.61,45.28,0,259,1000,3.97,1007,5.31,-6006965,5100726
2016, -576,NA,NA,NA, 79.36,80.60,18.23,0,442, 966,5.00, 984,3.81,-6076462,5054163
2007, -507,NA,NA,NA, 71.76,24.93,73.80,0,386, 882,3.93, 889,4.15,-6058161,5090533
2016, -435,NA,NA,NA, 51.88,13.15,80.16,0,217, 922,5.90, 911,4.77,-6004880,5099567
2009, -937,NA, 1,NA, 71.04,28.60,70.75,0,406, 973,3.40,1028,4.12,-6066964,5101420
2009, -448,NA,NA,NA,109.84,63.85,35.98,0,288, 913,4.40, 946,5.14,-6019011,5081266
2020,  429,NA,NA,NA, 83.00,48.70,49.17,1,257, 968,5.89,1047,4.62,-6023876,5092849
2013, -523,NA,NA,NA, 63.54,56.77,43.11,0,443,1076,4.01, 931,5.51,-6088740,5048140
2017, -697,NA,NA,NA, 69.58,65.66,34.29,0,386,1231,4.53, 940,4.25,-6070207,5063661
2012,  883,NA,NA,NA, 80.26,85.99,14.00,0,407, 990,5.93, 997,4.82,-6097774,5117405
2017, -935,NA,NA,NA, 83.16,65.18,34.79,0,362,1175,4.48, 929,4.17,-6045420,5089606
2010,  768,NA,NA,NA, 76.98,87.09,12.86,0,292, 887,6.30, 919,4.42,-6026424,5084510
2017, -846,NA,NA,NA, 80.16,70.08,29.90,0,411,1158,4.12, 939,3.85,-6041019,5101652
2006,  959,NA,NA,NA, 79.40,65.27,34.62,0,336, 999,5.60, 838,4.20,-6019706,5093544
2005, -856,NA,NA,NA, 60.52,64.23,35.59,0,394, 849,4.10, 904,3.20,-6041250,5127598
2018, -691,NA,NA,NA, 75.60,58.74,41.22,0,399, 949,4.20, 973,4.47,-6077389,5109297
2010, -872,NA,NA,NA, 75.80,69.82,29.84,0,466,1011,5.50,1084,3.87,-6125573,5048835
2015, -694,NA,NA,NA, 81.52,78.38,21.62,0,348, 851,4.44, 955,4.60,-6042640,5079645
2013, -404,NA,NA,NA, 63.36,43.18,56.67,0,199, 966,4.95, 873,6.49,-5997004,5105590
2021,  758,NA,NA,NA, 78.20,75.09,24.77,0,267, 849,6.70,1001,4.99,-6033837,5083120
2013, -372,NA,NA,NA, 78.58,69.33,30.68,0,425,1181,3.63, 988,5.32,-6088508,5115088
2009, -828,NA,NA,NA, 67.18,75.45,24.13,0,473, 992,3.20,1074,3.95,-6075304,5115552
2014, 1776,NA,NA,NA, 78.82,81.16,18.55,0,518,1269,3.01,1138,4.83,-6143642,5066904
2020,-1127,NA,NA,NA, 78.80,71.24,28.74,0,374, 946,4.82,1006,3.70,-6029436,5117405
2017, -893,NA,NA,NA, 82.43,78.62,20.93,0,376,1267,5.32,1050,4.94,-6174684,5029607
2015, -708,NA,NA,NA, 85.88,82.57,17.43,0,401, 866,4.30,1135,4.34,-6105187,5117173
2013, -551,NA,NA,NA, 68.88,87.68,12.16,0,297, 998,4.75, 886,6.27,-6039629,5067599
2021,  657,NA,NA,NA, 87.16,88.11,11.56,0,512,1012,5.65,1145,4.10,-6135071,5070147
2010,  440,NA,NA,NA, 70.16,66.11,33.23,0,363, 906,5.92, 938,4.06,-6023644,5086594
2017,-1000,NA,NA,NA, 79.42,61.15,38.61,0,416,1281,5.30,1053,4.90,-6178159,5024511
2016, -785,NA,NA,NA, 64.98,85.02,14.93,0,461, 994,5.36,1043,4.08,-6136229,5022889
2009,  574,NA,NA,NA, 53.10,28.62,70.46,0,326, 899,3.44, 969,4.16,-6013452,5130841
2017,-1073,NA,NA,NA, 68.90,74.46,25.44,0,326,1180,4.70, 918,4.44,-6038470,5087753
2006, 1248,NA,NA,NA, 72.09,76.66,23.31,0,270, 985,5.63, 825,4.22,-6015768,5104432
2007, -490,NA,NA,NA, 62.46,53.11,46.89,0,363, 863,4.19, 867,4.43,-6034764,5092386
2005, -668,NA, 1,NA, 37.93,27.69,61.73,0,325, 791,4.70, 849,3.90,-6046115,5086131
2013, -443,NA,NA,NA, 74.56,88.89,10.80,0,504,1191,3.89,1007,5.37,-6123025,5047445
2021,  850,NA,NA,NA, 72.88,85.87,13.96,0,502,1032,5.70,1160,4.13,-6107736,5049993
2014, 1245,NA,NA,NA, 77.34,55.45,44.35,1,428,1115,3.23,1038,4.98,-6108662,5064355
2013, -926,NA,NA,NA, 67.80,89.67,10.02,0,476,1246,4.15,1038,5.64,-6158005,5043506
2005, 1143,NA, 1,NA, 48.16,68.20,31.76,0,313, 786,4.84, 841,4.03,-6034764,5090533
2009, -498,NA,NA,NA, 68.06,60.57,39.34,0,451,1081,3.83,1045,4.60,-6118855,5031924
2009,  596,NA,NA,NA, 69.28,27.23,71.62,0,301, 893,3.53, 963,4.24,-6012062,5131536
2010,  483,NA,NA,NA, 65.84,34.28,65.69,0,273, 876,6.01, 914,4.14,-6022255,5106517
2014, 1226,NA,NA,NA, 63.16,73.53,26.46,0,329, 968,3.53, 946,5.13,-6032216,5090764
2021,  985,NA,NA,NA, 90.54,86.19,13.81,0,399,1035,6.38,1174,4.85,-6169356,5057406
2018,-1322,NA,NA,NA, 74.96,62.18,37.80,0,296, 918,4.55, 956,4.73,-6025498,5106980
2005,-1240,NA,NA,NA, 42.34,44.63,54.88,0,304, 803,4.46, 853,3.53,-6012062,5131073
2012, -782,NA,NA,NA, 73.14,67.97,32.03,1,455, 897,6.12,1016,4.91,-6119550,5031229
2013, -731,NA,NA,NA, 78.82,93.56, 6.16,1,421,1182,3.70, 991,5.30,-6088045,5108370
2010,-1451,NA,NA,NA, 71.44,88.48,10.86,0,438,1002,5.88,1099,4.30,-6146654,5024742
2018, -332,NA,NA,NA, 71.40,39.72,59.53,0,395, 971,4.50, 998,4.86,-6115380,5114393
2015, -656,NA,NA,NA, 83.10,89.58,10.42,0,458, 913,4.50,1044,4.67,-6133218,5023816
2019,  473,NA,NA,NA, 79.48,44.84,55.08,0,282,1028,3.89,1028,5.23,-6012757,5094702
2009,  367,NA,NA,NA, 69.82,32.37,66.59,0,229, 869,3.92, 936,4.63,-5997467,5132231
2018, -737,NA,NA, 1, 82.04,71.83,27.57,0,454,1133,4.62,1073,4.76,-6107967,5031692
2016, -903,NA,NA,NA, 62.34,28.39,71.45,0,354, 943,5.10, 957,3.90,-6039397,5089606
2006,  845,NA,NA,NA, 62.70,73.82,26.12,0,402,1012,5.61, 896,4.17,-6089203,5040032
2010,-1666,NA, 1,NA, 33.06,47.57,52.31,0,308, 891,5.70, 931,3.87,-6028278,5111613
2013, -744,NA, 1,NA, 80.36,83.78,16.22,0,432,1221,3.75,1011,5.46,-6113295,5116247
2013, -517,NA,NA,NA, 98.34,58.87,40.60,0,191, 956,4.90, 871,6.43,-5985653,5115088
2019,  580,NA,NA,NA, 68.24,24.04,75.79,0,334,1026,3.36,1011,4.72,-6034996,5096324
2014,  304,NA,NA,NA, 57.60,33.80,59.44,0,391,1070,3.02,1012,4.68,-6063953,5103505
2020,-1679,NA,NA,NA, 86.08,83.08,16.85,0,474,1204,5.50,1253,4.31,-6146654,5027290
2010,-1095,NA,NA,NA, 71.54,83.91,16.09,0,492, 971,5.80,1053,4.12,-6104261,5025206
2017,-1042,NA, 1,NA, 80.18,84.60,15.21,0,418,1373,4.90, 980,4.65,-6074377,5036557
2012, -722,NA,NA,NA, 64.11,87.16,12.81,0,468, 888,5.80, 993,4.63,-6092678,5048371
2013, -591,NA,NA,NA, 71.49,11.78,77.44,0,238,1003,4.62, 882,6.16,-6035459,5088679
2016, 1001,NA,NA,NA, 16.26,85.76,14.22,0,416, 929,4.61,1011,3.28,-6043799,5129219
2007, -759,NA,NA,NA, 89.36,80.41,19.60,0,212, 843,4.65, 838,4.97,-5978935,5131073
2010, -558,NA, 1,NA, 68.60,67.03,32.97,0,447, 978,5.70,1057,4.08,-6120014,5032619
2013, -493,NA,NA,NA, 80.32,91.26, 8.48,0,403,1279,4.34,1056,5.94,-6162638,5065282
2010, -640,NA,NA,NA, 70.40,83.76,15.88,0,502,1051,5.41,1130,3.88,-6142716,5051846
2016, -685,NA,NA,NA, 84.06,82.35,17.65,0,410,1000,5.50, 992,4.35,-6073451,5037020
2014,  706,NA,NA,NA, 71.26,81.11,18.88,0,477,1066,3.24, 996,4.97,-6106577,5038178
2016, -560,NA,NA,NA, 69.00,78.08,21.93,0,388, 960,5.12, 963,3.95,-6043335,5077328
2013, -684,NA,NA,NA, 76.16,84.42,15.14,0,395,1277,4.40,1054,5.97,-6162638,5065050
2008, -808,NA,NA,NA, 71.86,69.75,27.31,0,208, 974,4.88, 850,5.73,-6027351,5079876
2006,-1382,NA,NA,NA, 70.94,85.41,14.38,0,501,1070,5.13, 962,3.71,-6119319,5040958
2021, 1068,NA,NA,NA, 86.94,81.01,18.99,0,525, 978,5.50,1098,3.99,-6125110,5094471
2019, -733,NA,NA,NA, 81.22,46.65,53.23,0,366,1016,3.22,1008,4.58,-6031057,5101420
2013, -512,NA, 1,NA, 75.83,84.04,15.64,0,412,1279,4.08,1057,5.72,-6141326,5083351
2018,-1098,NA, 1,NA, 78.83,71.36,28.61,0,303, 883,4.30, 934,4.50,-6007429,5127366
2013, -391,NA, 1,NA, 31.68,65.22,34.66,0,325,1128,3.89, 947,5.57,-6066269,5132231
2016,-1296,NA,NA,NA, 71.96,20.64,73.98,0,212, 914,5.80, 917,4.66,-6036617,5087521
2010, -345,NA, 1,NA, 61.52,22.46,74.53,0,263, 879,5.96, 917,4.13,-6031984,5105822
2013, -603,NA,NA,NA, 79.10,82.48,17.10,0,437,1200,3.74, 999,5.44,-6098238,5114857
2019, -643,NA,NA,NA, 74.67,47.39,51.73,0,313,1115,3.90,1070,5.24,-6048663,5066672
2013, -505,NA,NA,NA, 82.00,79.23,20.33,0,413,1240,4.53,1033,5.99,-6173758,5033777
2019, -939,NA, 1,NA, 83.40,57.83,41.91,0,273, 918,3.33, 946,4.66,-6007197,5129219
2019,  673,NA,NA,NA, 67.92,77.93,22.02,0,358,1265,4.22,1178,5.59,-6077389,5027059
2010,  558,NA,NA,NA, 63.48,91.45, 8.37,0,503,1065,5.40,1146,3.88,-6149202,5054394
2006, -846,NA,NA,NA, 73.90,88.30,11.39,0,498,1118,5.10,1029,3.69,-6142021,5067830
2007,  540,NA,NA,NA, 57.74,74.28,25.09,0,344, 858,4.42, 861,4.75,-6024571,5088216
2021,  616,NA,NA,NA, 82.88,53.21,46.55,0,409, 880,5.73,1021,4.05,-6060015,5087521
2020, -812,NA, 1,NA,106.68,53.70,45.45,0,208, 882,5.80, 957,4.65,-5981483,5128756
2007,-1404,NA,NA,NA, 87.00,24.44,13.17,0,367, 847,4.93, 912,5.30,-6082717,5025437
2016,  669,NA,NA,NA, 88.54,13.13,86.87,1,238, 896,5.40, 930,4.15,-6032216,5109992
2018, -528,NA,NA,NA, 77.86,34.37,63.47,0,421,1002,4.29,1010,4.48,-6093605,5081266
2013, -466,NA,NA,NA, 64.66,92.29, 7.60,0,266,1004,4.64, 887,6.14,-6033374,5084278
2006, -928,NA,NA,NA, 69.56,69.10,30.90,0,348,1056,5.40, 935,3.94,-6088740,5122965
2015, -653,NA,NA,NA, 65.54,89.03,10.95,0,433, 900,4.61,1003,4.77,-6114222,5024511
2013, -400,NA,NA,NA, 62.70,55.74,44.25,0,385,1112,3.49, 950,5.11,-6046347,5127366
2013, -619,NA,NA,NA, 99.10,74.25,25.76,0,243, 983,4.40, 888,5.97,-5990981,5121111
2013, -588,NA,NA,NA, 80.76,77.92,22.08,0,392,1178,3.77, 987,5.40,-6089667,5106980
2007, -767,NA, 1,NA, 37.68,67.32,32.67,0,384, 996,4.41, 966,4.47,-6095921,5127366
2013,-1647,NA,NA,NA, 60.98,94.36, 5.64,0,268,1006,4.60, 888,6.12,-6033374,5084510
2013, -564,NA,NA,NA, 79.48,94.07, 5.91,0,413,1279,4.28,1056,5.88,-6159163,5069220
2016, -504,NA,NA,NA, 75.98,82.30,17.70,0,507,1006,5.03,1041,3.80,-6115844,5032155
2016, -380,NA,NA,NA, 67.38,77.65,22.35,0,489, 990,5.06,1023,3.79,-6108431,5040032
2013, -929,NA,NA,NA, 84.72,81.81,15.44,0,408,1270,4.00,1050,5.66,-6139936,5082656
2010,  553,NA,NA,NA, 69.88,90.90, 8.97,0,516,1067,5.33,1147,3.82,-6150592,5055784
2013, -757,NA,NA,NA, 62.59,91.84, 8.15,0,261,1004,4.62, 886,6.15,-6033606,5084510
2018, -840,NA,NA,NA, 81.46,49.77,49.99,0,312, 958,4.74, 983,4.89,-6039629,5086594
2013, -721,NA,NA,NA, 78.28,81.08,18.83,0,468,1203,3.56,1006,5.21,-6089667,5110223
2010,  692,NA,NA,NA, 88.71,73.70,25.47,0,259, 878,6.50, 911,4.64,-6027814,5081266
2013, -723,NA,NA,NA, 84.42,54.28,45.59,0,367,1157,3.84, 969,5.49,-6082717,5120648
2008, -540,NA,NA,NA, 88.68,88.48,11.46,0,223, 978,4.78, 853,5.64,-6028278,5080108
2008, -804,NA,NA,NA, 87.78,87.32,12.47,0,233, 981,4.71, 856,5.59,-6028046,5080108
2010,  562,NA,NA,NA,116.12,79.11,20.48,0,229, 870,6.61, 902,4.76,-6028278,5081035
2013, -593,NA,NA,NA, 77.00,87.46,12.41,0,349,1150,3.89, 963,5.58,-6079474,5125049
2013, -445,NA, 1,NA, 32.29,61.95,38.02,0,329,1130,3.89, 949,5.54,-6066964,5131999
2013, -719,NA,NA,NA, 67.94,72.62,27.05,0,374,1052,4.09, 912,5.62,-6074377,5064355
2011, -778,NA,NA,NA, 68.80,24.04,66.76,0,399, 975,4.79, 988,4.11,-6058856,5089143
2016, -574,NA,NA,NA, 75.10,87.75,12.22,0,453,1004,5.20, 999,4.02,-6072756,5041885
2015, -552,NA,NA,NA, 73.56,70.52,29.48,0,463, 919,4.48,1061,4.65,-6141326,5024047
2013,-1580,NA,NA,NA, 78.70,94.68, 4.76,0,522,1290,3.67,1070,5.26,-6147349,5072927
2013,-1020,NA,NA,NA, 76.96,85.68,14.14,0,502,1105,3.80, 952,5.29,-6098469,5044896
2007, -585,NA,NA,NA, 66.72,13.81,86.19,1,264, 853,4.40, 854,4.60,-6031289,5109760
2018, -465,NA,NA,NA, 68.50,57.79,41.82,0,303, 958,4.80, 987,4.95,-6031057,5089143
2019,  326,NA,NA,NA, 84.68,76.50,22.55,0,491,1219,3.03,1112,4.43,-6098469,5052309
2006, -776,NA,NA,NA, 64.55,72.09,27.53,0,347,1054,5.30, 931,3.87,-6084338,5122733
2014, -624,NA,NA,NA, 77.80,87.68,12.08,0,448,1241,3.10,1097,4.84,-6112600,5106980
2013, -588,NA,NA,NA, 75.42,79.27,20.61,0,387,1165,3.80, 971,5.52,-6082254,5131767
2016,  265,NA,NA,NA, 71.23,69.92,28.92,0,335, 940,5.59,1077,4.05,-6103103,5123660
2017, -687,NA,NA,NA, 81.88,70.16,29.49,0,428,1242,4.43, 953,4.13,-6081790,5057869
2013, -698,NA,NA,NA, 70.08,59.98,39.94,0,409,1149,3.60, 966,5.32,-6067428,5129219
2011,  507,NA,NA,NA, 76.12,77.41,22.42,0,446,1012,5.01,1085,4.31,-6113064,5057637
2017, -512,NA,NA,NA, 62.80,86.89,13.11,0,374,1220,4.70, 933,4.43,-6024108,5088679
2012, 1057,NA,NA,NA, 71.14,86.01,13.75,0,513,1027,5.81,1092,4.63,-6149202,5063197
2010, -960,NA,NA,NA, 77.20,76.59,23.36,0,496, 968,5.40,1033,3.71,-6101249,5044896
2005, -932,NA, 1,NA, 68.36,79.38,20.34,0,405, 891,4.47, 963,3.53,-6088045,5116478
2018, -818,NA,NA,NA, 83.27,60.55,39.33,0,396, 918,3.96, 956,4.18,-6041250,5119258
2018, -979,NA,NA,NA, 77.76,41.54,58.33,0,352, 958,4.44, 982,4.60,-6051443,5088448
2017, -842,NA,NA,NA, 95.83,82.64,17.28,0,346,1380,5.42, 968,5.18,-6077852,5027290
2013,-1006,NA,NA,NA, 76.20,63.09,36.41,0,420,1101,4.18, 943,5.69,-6107041,5043043
2009, -618,NA,NA,NA, 65.98,72.70,27.25,0,451,1057,3.80,1021,4.56,-6100323,5034703
2008, -539,NA,NA,NA, 65.86,28.32,61.00,0,247, 988,4.20, 867,5.07,-6023413,5105822
2012,  251,NA,NA,NA, 61.36,25.83,72.34,0,254, 867,6.08, 905,5.03,-6029668,5110455
2010, -630,NA, 1,NA, 58.55,58.27,41.41,0,398, 922,5.21, 987,3.47,-6041945,5129219
2022, 1276,NA,NA,NA, 86.86,66.24,33.76,0,290,  NA,  NA, 956,5.33,-6034069,5087521
2011,  380,NA,NA,NA, 63.98,18.33,72.36,0,243, 944,5.44, 918,4.84,-6024108,5103737
2008, -665,NA, 1,NA, 25.47,23.87,73.21,0,293,1051,3.84, 902,4.67,-6044725,5115552
2013, -608,NA,NA,NA, 80.26,92.81, 7.04,0,382,1249,4.64,1037,6.11,-6170515,5041190
2007,  509,NA,NA,NA, 58.62,44.87,52.87,0,202, 840,4.50, 836,4.79,-5997699,5130378
2013,-1954,NA,NA,NA, 79.46,79.79,19.90,0,342,1262,4.97,1045,6.43,-6194144,5030302
2015, -656,NA,NA,NA, 79.80,77.15,22.85,0,451, 870,3.99,1129,4.04,-6094531,5112540
2016, -713,NA,NA,NA,117.18,82.80,17.02,0,419,1016,5.50, 995,4.36,-6054223,5046055
2013, -671,NA,NA,NA, 73.06,81.40,18.60,0,400,1159,3.61, 972,5.33,-6075072,5126903
2007, -600,NA,NA,NA, 68.27,61.03,38.42,0,324, 839,5.00, 885,5.36,-6061636,5043970
2010,  806,NA,NA,NA, 52.48,80.20,19.63,0,251, 876,6.60, 909,4.74,-6025266,5080108
2015, -347,NA,NA,NA, 81.40,90.86, 8.81,0,450, 863,3.96,1119,4.01,-6089435,5114857
2016, -967,NA, 1,NA, 78.67,81.45,18.55,0,462, 999,5.40,1043,4.13,-6132060,5021499
2013,-1148,NA,NA,NA, 77.72,93.26, 6.74,0,377,1231,4.82,1028,6.27,-6184646,5025437
2011,  834,NA,NA,NA, 71.00,83.09,16.69,0,328, 970,5.46, 943,4.83,-6025498,5082656
2021,  814,NA,NA,NA, 73.34,76.53,23.28,0,484,1061,5.90,1186,4.35,-6120245,5040263
2015, -613,NA,NA,NA, 72.24,77.76,22.24,0,406, 862,4.12, 972,4.26,-6043799,5080571
2011,  476,NA,NA,NA, 70.80,61.75,37.70,0,399, 959,5.35,1014,4.67,-6077389,5046055
2009, -621,NA, 1,NA, 27.40,33.84,65.98,0,268, 898,3.82, 951,4.57,-6026193,5112077
2013, -365,NA,NA,NA, 54.06,66.63,32.88,0,321,1050,3.70, 916,5.29,-6022255,5127134
2014, -564,NA,NA,NA, 78.32,84.85,14.88,0,476,1211,2.93,1079,4.68,-6106577,5105590
2018, -584,NA,NA,NA, 74.70,27.88,66.27,0,284, 896,4.48, 940,4.66,-6015536,5118563
2009, -592,NA,NA,NA, 62.62,67.15,32.40,0,339, 930,3.48, 991,4.20,-6042177,5116710
2019, -930,NA,NA,NA, 99.16,67.69,32.09,0,211, 962,4.20, 985,5.53,-5990054,5111845
2013, -593,NA,NA,NA, 80.95,88.21,10.49,0,479,1286,3.80,1064,5.42,-6139704,5084046
2012, -917,NA,NA,NA, 80.58,74.26,25.28,0,377, 887,6.51,1007,5.29,-6120477,5027290
2009,  730,NA,NA,NA, 70.43,76.95,23.03,0,437, 958,3.20,1042,3.91,-6049590,5130146
2010,  728,NA,NA,NA, 71.74,80.99,18.87,0,264, 880,6.50, 913,4.67,-6025266,5080340
2018, -599,NA,NA,NA, 85.18,61.29,36.97,0,263, 912,4.74, 950,4.91,-6023876,5106517
2006,-3056,NA,NA,NA,  6.80,26.03,72.00,0,307,1014,5.11, 866,3.70,-6045188,5115783
2006, -877,NA,NA,NA, 43.30,36.54,56.75,0,384,1042,4.95, 898,3.52,-6063489,5105127
2010,-1621,NA, 1,NA, 54.26,77.91,21.95,0,366, 915,5.95, 965,4.20,-6075767,5052773
2012,  763,NA,NA,NA, 70.69,71.96,27.85,0,505, 938,5.90,1044,4.70,-6125805,5037715
2007,-1829,NA,NA,NA, 71.98,83.05,16.66,0,473, 988,4.44,1013,4.53,-6153372,5048371
2010,-1084,NA,NA,NA, 65.16,66.72,33.18,0,457, 982,5.68,1061,4.03,-6119550,5033777
2016, -623,NA,NA,NA, 86.59,85.35,14.00,0,393,1025,5.77,1142,4.34,-6166808,5047676
2006,  717,NA,NA,NA, 47.28,33.74,66.22,0,336,1004,6.33, 893,4.90,-6073451,5028680
2018, -990,NA,NA,NA,125.69,52.58,47.19,0,300, 950,4.95, 989,5.08,-6009282,5097946
2009,  697,NA,NA,NA, 70.68,88.58,11.42,0,466,1098,3.80,1149,4.57,-6157079,5061112
2015, -699,NA,NA,NA, 81.38,93.01, 6.99,0,424, 952,4.67,1190,4.77,-6175611,5051846
2013, -685,NA,NA,NA, 66.84,67.48,32.38,0,495,1199,3.90,1011,5.38,-6128585,5048140
2007,  338,NA,NA,NA, 51.30,68.63,31.05,0,338, 857,4.46, 860,4.78,-6024803,5087984
2015,  392,NA,NA,NA, 75.46,39.81,57.89,0,377, 848,4.10, 993,4.25,-6055845,5087521
2008, -638,NA,NA,NA, 84.12,77.64,21.94,0,288, 996,4.41, 871,5.31,-6026656,5081961
2010, -964,NA,NA,NA, 55.16,25.52,66.73,0,434, 945,5.33, 986,3.57,-6066501,5078718
2008,-1215,NA,NA,NA, 84.44,70.08,27.91,0,232, 977,4.59, 865,5.42,-6015536,5092386
2005, -904,NA,NA,NA, 49.08,53.02,46.98,0,291, 808,4.41, 858,3.50,-6017158,5132231
2014, -594,NA,NA,NA, 79.60,78.16,21.85,0,445,1239,3.08,1094,4.81,-6109821,5110455
2015, -490,NA,NA,NA, 82.14,65.28,34.55,0,452, 892,4.25,1037,4.41,-6110979,5044896
2007, -831,NA,NA,NA, 68.04,72.63,27.38,0,360, 971,4.50, 948,4.53,-6088740,5122733
2018, 2250,NA,NA,NA, 71.17,28.48,66.47,0,236, 911,4.93, 951,5.08,-6016231,5106285
2013,-1003,NA,NA,NA, 69.07,65.52,32.03,0,355,1218,4.90,1020,6.35,-6183487,5021267
2018,-1033,NA,NA,NA, 85.78,70.58,29.39,0,290, 895,4.48, 945,4.65,-6003722,5122501
2015, -796,NA,NA,NA, 78.20,82.96,16.77,0,390, 947,4.90,1174,5.00,-6177001,5046518
2015, -799,NA, 1,NA, 42.48,38.91,60.93,0,322, 828,4.30, 968,4.42,-6038007,5102347
2005, -977,NA, 1,NA, 25.60,19.86,80.13,0,249, 777,5.04, 831,4.23,-6028973,5094934
2016,-1156,NA,NA,NA, 80.54,77.19,22.60,0,453, 969,4.85,1066,3.49,-6085960,5099567
2013, -427,NA,NA,NA, 70.62,79.27,20.32,0,502,1091,3.80, 949,5.30,-6082717,5045591
2015, -626,NA,NA,NA, 78.17,83.13,16.81,0,416, 941,4.70,1152,4.85,-6168198,5040727
2015,  455,NA,NA,NA, 76.76,55.02,44.57,0,417, 857,3.99,1005,4.10,-6058856,5086131
2017, -943,NA,NA,NA, 74.38,40.79,59.08,0,313,1164,4.70, 913,4.47,-6031057,5094239
2010, -698,NA,NA,NA, 64.04,86.83,13.04,0,479,1062,5.52,1143,4.00,-6150592,5053931
2012, -539,NA,NA,NA, 64.36,76.87,22.93,0,444, 870,5.76, 963,4.69,-6061636,5065282
2015, -522,NA,NA,NA, 77.60,82.35,17.64,0,461, 874,3.91,1086,4.02,-6083643,5094471
2016, -346,NA,NA,NA, 74.86,85.33,14.39,0,504, 991,4.90,1022,3.64,-6101018,5043506
2018,-1241,NA, 1,NA, 71.77,53.09,46.91,0,428, 960,4.00, 991,4.17,-6041945,5101189
2016,  871,NA,NA,NA, 81.84,87.25,12.59,0,449, 962,4.92,1078,3.51,-6088045,5110687
2016, -502,NA,NA,NA, 82.90,73.87,26.02,1,502,1004,4.84,1081,3.53,-6113759,5062039
2006,-2102,NA,NA,NA, 14.59,38.21,59.78,0,300,1013,5.20, 865,3.76,-6044494,5115320
2011, -626,NA,NA,NA, 69.04,48.05,51.93,0,322, 961,4.85, 965,4.26,-6043335,5116941
2016, -499,NA,NA,NA, 74.92,75.63,24.30,0,373, 986,5.56, 973,4.38,-6048200,5057406
2007,  853,NA,NA,NA, 64.66,65.23,34.55,0,181, 812,5.49, 827,5.83,-6031521,5071768
2017,  974,NA,NA,NA, 42.67,41.79,58.20,0,376,1088,4.17, 941,3.79,-6046115,5126208
2004, -954,NA, 1,NA, 46.62,73.52,25.58,0,347, 871,4.26, 868,5.14,-6091751,5033082
2015, -914,NA, 1,NA, 33.61,63.13,35.71,0,325, 820,4.00, 968,4.14,-6013452,5127829
2018, -599,NA,NA,NA, 76.60,24.76,67.55,0,258, 911,4.79, 949,4.96,-6024108,5105822
2008,-1701,NA,NA,NA, 72.86,92.11, 7.72,0,431,1313,4.21,1024,5.00,-6159627,5060186
2010,-1044,NA,NA,NA, 66.78,70.42,29.17,0,433, 956,5.80,1026,4.10,-6102871,5034240
2007,-1283,NA,NA,NA, 73.94,84.10,15.67,0,365, 975,5.12,1002,5.20,-6177696,5032619
2008,-1196,NA,NA,NA, 55.02,19.27,76.00,0,238, 987,4.28, 866,5.13,-6023876,5103969
2020, -846,NA,NA,NA, 77.18,62.43,37.55,0,385, 963,5.10,1032,3.89,-6031057,5103042
2014, -713,NA,NA,NA, 82.52,85.55,14.44,0,403,1218,3.21,1074,4.94,-6105882,5114625
2016, -834,NA,NA,NA, 78.60,70.93,29.07,0,455, 972,4.91, 998,3.69,-6081790,5057637
2013,-1405,NA,NA,NA, 68.12,78.14,21.80,0,321,1021,4.22, 900,5.73,-6031984,5090764
2018, -720,NA,NA,NA, 95.34,48.36,47.78,0,295,1042,5.29,1023,5.41,-6059088,5055089
2013, -787,NA,NA,NA, 68.06,77.55,22.43,0,459,1102,4.25, 950,5.71,-6116307,5026132
2020, -316,NA,NA,NA, 93.08,17.52,76.99,0,274, 963,5.89,1047,4.63,-6014842,5096324
2015, -767,NA, 1,NA, 51.87,80.83,19.11,0,433, 874,4.22, 997,4.38,-6088045,5053236
2021,  993,NA,NA,NA, 19.83,67.01,32.14,0,321,1071,7.00,1193,5.38,-6092910,5024279
2007,-1729,NA,NA,NA, 75.58,89.87, 9.84,0,396,1021,4.88,1013,4.92,-6164723,5061807
2014, -718,NA,NA,NA, 81.96,82.76,16.49,0,411,1217,3.16,1072,4.89,-6104956,5116710
2010,-1472,NA,NA,NA,105.07,81.24,18.77,0,269, 863,6.20, 900,4.27,-5992371,5122270
2013, -694,NA,NA,NA, 49.92,53.42,46.06,0,395,1042,4.12, 911,5.62,-6060941,5064124
2018,  471,NA,NA,NA, 76.88,84.36,15.60,0,449,1137,4.79,1083,4.98,-6165186,5039337
2014, -640,NA,NA,NA, 84.90,82.29,17.71,0,387,1212,3.28,1071,5.01,-6105187,5113467
2013, -502,NA,NA,NA, 73.94,84.17,15.63,0,493,1277,3.88,1061,5.42,-6148507,5062966
2005,-1229,NA,NA,NA, 51.76,44.80,55.19,0,293, 788,4.73, 840,3.89,-6020170,5109297
2016, -364,NA,NA,NA,103.46,78.94,20.72,0,394, 992,5.46, 978,4.31,-6046810,5057406
2007,  765,NA,NA,NA, 84.38,75.98,24.02,0,352, 856,4.48, 856,4.80,-6019011,5095629
2017, -551,NA,NA,NA, 84.36,91.85, 7.06,0,489,1317,4.49, 986,4.17,-6098238,5039105
2008, -602,NA,NA,NA, 71.68,67.77,30.99,0,343,1068,4.26, 874,5.12,-6077157,5051151
2016, -459,NA,NA,NA, 73.38,83.93,16.03,0,473, 977,4.62,1026,3.37,-6075535,5079413
2007, -981,NA,NA,NA, 55.46,74.74,25.24,0,446, 868,4.21, 915,4.51,-6082485,5045128
2022,-1370,NA,NA,NA, 68.70,51.71,48.02,0,409,  NA,  NA, 922,4.37,-6053065,5132231
2012, -369,NA,NA,NA, 91.72,71.80,27.74,0,326, 828,6.56, 943,5.45,-6052602,5054163
2013,-1058,NA,NA,NA, 78.42,82.04,17.63,0,438,1088,4.23, 937,5.73,-6106577,5032850
2010, -942,NA,NA,NA, 65.71,80.90,19.06,0,502, 964,5.40,1026,3.67,-6087118,5048140
2013, -828,NA,NA,NA, 73.62,75.56,24.44,0,512,1128,4.00, 966,5.47,-6116770,5031229
2018, 2803,NA,NA,NA, 16.00,77.03,22.64,0,328,1133,5.40,1063,5.53,-6092910,5024511
2013, -744,NA, 1,NA, 97.78,75.03,24.87,0,251, 990,4.39, 891,5.93,-5992603,5123660
2010,-1081,NA,NA,NA, 74.98,93.09, 6.90,0,421,1062,5.86,1143,4.35,-6159395,5066440
2018, 2079,NA,NA,NA, 61.52,52.06,46.62,0,302,1126,5.52,1057,5.63,-6092215,5024279
2018, -781,NA,NA,NA, 42.61,19.25,80.12,0,307, 910,4.30, 946,4.54,-6039165,5115783
2006,-2158,NA,NA,NA, 94.48,83.07,16.87,1,455,1069,4.87, 940,3.45,-6091751,5087753
2013, -760,NA, 1,NA, 75.90,57.28,41.73,0,233, 985,4.40, 887,5.93,-5992139,5124818
2016, -631,NA,NA,NA, 80.60,85.57,14.29,0,375, 961,5.28, 958,4.10,-6043104,5072927
2015,-1161,NA,NA,NA, 80.50,87.63,12.11,1,516, 904,3.83,1090,3.98,-6103103,5067135
2011,-1088,NA,NA,NA, 72.00,62.26,37.70,0,454, 990,5.09,1076,4.37,-6111674,5043043
2009,  581,NA,NA,NA, 96.86,78.57,21.30,0,321, 922,4.12, 953,4.87,-6025729,5082656
2014, 1069,NA,NA,NA, 72.25,60.50,39.03,0,326,1018,4.41, 926,6.00,-6075767,5027985
2019, -701,NA,NA,NA, 85.82,87.19,12.59,0,459,1290,3.50,1132,4.92,-6148507,5045823
2009,  559,NA,NA,NA, 70.32,91.37, 8.44,0,540,1113,3.40,1148,4.18,-6147349,5057174
2010, -401,NA,NA,NA, 71.08,86.37,13.58,0,410,1055,6.00,1143,4.56,-6173989,5049298
2013, -632,NA, 1,NA, 57.24,73.62,26.36,0,363,1030,4.30, 903,5.79,-6059551,5062502
2009, -487,NA,NA,NA, 81.07,29.75,67.67,1,439,1051,3.66,1101,4.39,-6121172,5075475
2014, -770,NA,NA,NA, 74.74,77.57,21.97,0,391,1221,3.24,1064,4.95,-6107967,5120416
2008, -379,NA, 1,NA, 59.50,89.92,10.08,0,283,1011,4.60, 865,5.46,-6039860,5068525
2012,  511,NA,NA,NA, 78.90,87.18,12.52,0,442, 879,6.30,1008,5.09,-6116307,5022889
2015, -523,NA,NA,NA, 82.28,89.49,10.50,0,402, 871,4.34,1141,4.35,-6108199,5115552
2013, -873,NA,NA,NA, 82.50,73.04,26.90,0,286, 990,4.53, 889,6.06,-6007429,5100494
2014, -608,NA,NA,NA, 84.69,54.48,45.09,0,263, 929,3.80, 933,5.32,-5991444,5121111
2011,  449,NA,NA,NA, 62.40,30.80,67.23,0,278, 951,5.30, 924,4.71,-6023181,5103042
2014, -785,NA,NA,NA, 79.34,91.06, 8.95,0,380,1149,3.09,1036,4.78,-6074609,5129219
2013, -840,NA,NA,NA, 58.11,31.51,68.32,0,264,1011,4.50, 889,6.02,-6035227,5089374
2017, -913,NA, 1,NA, 75.16,88.88,10.89,0,502,1296,4.56,1041,4.21,-6144337,5035630
2013, -852,NA,NA,NA, 63.47,51.75,48.11,0,385,1057,4.02, 916,5.56,-6074146,5065050
2010,-1040,NA, 1,NA, 44.02,74.57,25.39,0,173, 839,6.50, 875,4.59,-5976850,5131999
2011, 1341,NA,NA,NA, 88.72,79.65,20.27,0,195, 948,5.80, 884,5.24,-5979630,5122501
2008,-2060,NA,NA,NA, 70.14,90.48, 9.14,0,485,1291,3.83,1011,4.68,-6142021,5052773
2019, -923,NA,NA,NA, 81.92,57.84,41.16,0,292,1019,3.77,1021,5.14,-6012293,5097946
2021,  822,NA,NA,NA, 80.76,63.14,36.33,0,472, 955,5.59,1089,3.96,-6087350,5072927
2010, -870,NA,NA,NA, 77.64,76.66,23.28,0,432, 993,5.55,1057,3.92,-6112832,5058101
2009, -556,NA,NA,NA, 44.69,52.53,46.66,0,375, 929,3.84, 966,4.55,-6022255,5088216
2021,  871,NA,NA,NA, 85.40,76.86,23.02,0,478,1009,5.74,1141,4.21,-6132986,5065745
2010,-1053,NA,NA,NA, 78.56,56.19,43.61,0,444, 964,5.60,1029,3.91,-6103103,5046055
2019,  432,NA,NA,NA, 76.06,24.56,74.91,0,321,1036,3.37,1008,4.78,-6047273,5091459
2018, 1607,NA,NA, 1, 79.36,78.97,21.04,0,457,1142,4.69,1078,4.81,-6106809,5029375
2014, -617,NA,NA,NA, 75.86,93.12, 6.81,0,407,1231,3.19,1079,4.94,-6109589,5115552
2013, -493,NA,NA,NA, 93.68,88.48,11.46,0,223, 981,4.98, 873,6.50,-6028278,5080108
2008, -543,NA,NA,NA, 61.54,26.48,63.84,0,243, 987,4.28, 865,5.11,-6024339,5105127
2007, -964,NA,NA,NA, 57.60,70.64,29.20,0,336, 879,3.90, 877,4.10,-6020865,5128524
2014, 1567,NA,NA,NA, 75.46,84.64,15.10,0,497,1258,3.10,1129,4.89,-6141789,5068062
2015,  469,NA,NA,NA, 64.84,19.17,71.09,0,282, 821,4.40, 954,4.54,-6028973,5107212
2010,  701,NA,NA,NA, 75.40,79.78,20.20,0,430, 970,5.87,1056,4.23,-6126037,5028217
2018,  605,NA,NA,NA, 85.00,80.95,15.28,0,425,1138,4.91,1064,5.03,-6123488,5022889
2011, -618,NA,NA,NA, 52.28,75.09,24.77,0,283, 953,5.22, 922,4.63,-6018548,5108139
2007, -941,NA,NA,NA, 67.06,84.51,15.30,0,498, 884,3.97, 932,4.28,-6082717,5045360
2008,  463,NA,NA,NA, 67.90,70.57,28.87,0,350,1111,3.61, 943,4.43,-6057003,5122965
2012,  323,NA,NA,NA, 77.30,49.98,49.91,0,439, 924,5.90,1007,4.75,-6107736,5055321
2013, -935,NA,NA,NA, 81.04,91.94, 8.05,0,443,1206,3.73,1003,5.43,-6101944,5112308
2005,  478,NA,NA,NA, 70.38,71.92,28.03,0,338, 883,4.81, 958,3.87,-6091520,5121575
2010, 1142,NA,NA,NA, 10.80,26.03,72.00,0,307, 904,5.61, 954,3.84,-6045188,5115783
2020, -784,NA, 1,NA, 84.12,72.58,27.42,0,352,1173,6.10,1224,4.79,-6084570,5034240
2018, -879,NA,NA,NA,110.44,50.66,48.27,0,342, 966,4.80,1002,4.87,-6012757,5095397
2021,  666,NA,NA,NA, 84.80,87.26,12.58,0,494,1053,5.83,1184,4.24,-6122562,5047676
2017, -465,NA,NA,NA, 79.10,74.28,25.72,0,488,1317,4.40, 982,4.12,-6090593,5042811
2015, -682,NA,NA,NA, 82.72,92.82, 7.18,0,444, 904,4.61,1003,4.76,-6110979,5024279
2018,  947,NA,NA,NA, 79.84,88.53,11.39,0,472,1160,4.67,1093,4.78,-6098933,5028217
2007, -435,NA,NA,NA, 59.78,29.57,67.84,0,205, 841,4.50, 837,4.78,-5997699,5130609
2019,  695,NA,NA,NA, 75.80,40.83,59.03,0,376, 961,2.90, 968,4.29,-6034301,5125744
2012,  425,NA,NA,NA, 99.04,35.84,63.44,0,185, 824,6.77, 885,5.81,-5988664,5112077
2013, -946,NA,NA,NA, 66.32,22.56,75.83,0,352,1045,4.16, 906,5.69,-6073682,5065745
2015, -583,NA,NA,NA, 83.80,88.31,11.23,0,457, 866,3.96,1121,3.99,-6089667,5113930
2021,  806,NA,NA,NA, 78.41,63.25,36.57,0,300, 840,6.49, 994,4.73,-6030826,5089143
2010, 1331,NA,NA,NA, 69.34,79.73,20.16,0,480, 987,5.44,1058,3.79,-6112600,5046750
2021,  653,NA,NA,NA, 86.48,87.98,10.91,0,485, 958,5.52,1093,3.88,-6087118,5072232
2016, -651,NA,NA,NA, 65.38,56.14,43.86,0,430, 962,4.92, 989,3.72,-6072987,5065514
2004,-1193,NA,NA,NA, 54.48,55.07,44.93,0,362, 824,2.99, 914,3.90,-6031289,5128524
2007,-1305,NA,NA,NA, 55.74,71.75,28.23,0,428, 862,4.26, 908,4.60,-6081790,5045591
2014, -670,NA,NA,NA, 77.40,90.79, 9.21,0,427,1147,2.86,1046,4.55,-6071134,5124586
2019, -861,NA,NA,NA, 84.98,94.67, 5.31,0,504,1284,3.23,1128,4.65,-6149666,5067367
2010,-1015,NA,NA,NA, 60.98,34.68,62.46,0,347, 929,5.70,1015,3.97,-6069281,5130378
2016, -946,NA, 1,NA, 28.49,68.51,31.49,0,293, 904,5.02, 931,3.82,-6007429,5125744
2010,-1122,NA,NA,NA, 78.16,67.46,32.09,0,451, 970,5.65,1040,3.97,-6107967,5037715
2018, 1607,NA,NA,NA, 66.24,87.06,12.94,0,443,1154,4.81,1102,4.89,-6075535,5035398
2011,  870,NA,NA,NA, 76.92,86.17,13.69,0,336, 977,5.43, 943,4.82,-6019243,5084741
2017, -925,NA,NA,NA, 74.28,45.26,54.73,0,367,1174,4.47, 927,4.17,-6042872,5090533
2016, -479,NA,NA,NA, 80.44,88.28,11.72,0,474, 999,5.22,1034,3.96,-6120014,5028217
2017, -986,NA, 1,NA, 62.19,68.51,31.45,0,411,1264,4.60, 945,4.33,-6066964,5057637
2013,-1474,NA,NA,NA, 75.24,79.42,20.19,0,430,1086,4.38, 939,5.85,-6114685,5025669
2020,-1067,NA,NA,NA, 89.94,70.01,29.94,0,271, 966,5.90,1050,4.67,-6014842,5095397
2015,-1107,NA,NA,NA, 78.60,81.22,18.50,0,518, 946,4.06,1200,4.16,-6144801,5070842
2011, -502,NA,NA,NA, 63.90,69.62,30.37,0,374, 973,4.63, 976,4.05,-6043104,5117405
2013, -407,NA,NA,NA, 70.90,70.00,29.59,0,452,1135,3.68, 968,5.20,-6086192,5072463
2010, -308,NA,NA,NA, 64.33,38.76,61.13,0,318, 886,5.50, 934,3.70,-6020170,5128293
2019, -337,NA,NA,NA, 67.90,57.69,41.49,0,395,1133,3.48,1028,4.89,-6114917,5114393
2015, -950,NA,NA,NA, 82.08,96.04, 3.70,0,501, 941,4.11,1198,4.19,-6144569,5072695
2006,-1589,NA,NA,NA, 71.42,94.44, 5.29,0,439,1102,5.45,1029,4.05,-6158932,5069452
2008, -704,NA,NA,NA, 68.20,32.72,67.14,0,280,1009,3.90, 882,4.75,-6025729,5112540
2012, -769,NA,NA,NA, 66.96,71.03,28.26,0,421, 871,6.08, 986,4.89,-6101249,5040032
2017, -576,NA,NA,NA, 82.08,80.48,19.18,0,486,1317,4.48, 984,4.20,-6098238,5038410
2021,  573,NA,NA,NA, 54.60,62.63,36.97,0,441, 920,5.60,1047,4.02,-6091288,5091923
2011,  657,NA,NA,NA, 77.28,86.70,13.08,0,467,1036,5.21,1137,4.49,-6143411,5033777
2021, -998,NA,NA,NA, 81.66,67.39,32.40,0,330,1042,6.82,1169,5.21,-6086192,5033082
2010, -947,NA,NA,NA, 76.78,77.46,22.36,0,481, 967,5.45,1032,3.76,-6099628,5044201
2017,-1604,NA,NA,NA, 60.88,52.47,47.53,0,370,1084,4.19, 925,3.82,-6034532,5125976
2010,  597,NA,NA,NA, 67.93,76.01,23.71,1,445,1028,5.61,1102,4.04,-6133681,5055321
2008, -625,NA,NA,NA, 66.68,70.55,29.45,0,361,1010,4.01, 891,4.87,-6022718,5088216
2013, -468,NA,NA,NA, 68.44,72.03,27.55,0,379,1038,4.18, 907,5.68,-6064184,5061807
2019, -922,NA,NA,NA, 85.18,88.23,11.74,0,494,1284,3.28,1127,4.68,-6149897,5066904
2013, -639,NA,NA,NA, 78.60,92.30, 7.67,0,424,1196,3.78, 996,5.46,-6098238,5114393
2008,  431,NA,NA,NA, 62.54,68.02,31.83,0,352,1018,3.87, 888,4.72,-6034996,5091228
2008, -665,NA,NA,NA, 68.26,29.77,58.71,0,416,1131,3.50, 946,4.35,-6076230,5092849
2007,  827,NA,NA,NA, 30.49,66.80,33.16,0,404, 923,3.74, 918,3.88,-6043104,5127598
2006, 1111,NA,NA,NA, 68.26,73.52,26.48,0,347,1000,5.59, 840,4.17,-6019938,5093544
2013,-1077,NA,NA,NA, 71.17,78.71,20.98,0,494,1168,4.00, 991,5.49,-6128816,5036093
2010, -446,NA,NA,NA, 71.32,76.04,23.91,0,496, 968,5.35,1029,3.64,-6093141,5048603
2010,-1152,NA,NA,NA, 71.98,86.02,13.82,0,513, 972,5.31,1037,3.63,-6100554,5043738
2017, -734,NA,NA,NA, 79.96,64.01,35.93,0,357,1250,4.79, 937,4.48,-6065806,5059027
2021,  768,NA,NA,NA,107.42,74.44,24.97,0,259, 752,6.50, 906,4.70,-5994687,5124123
2010,-1097,NA,NA,NA, 79.76,82.34,17.65,0,452,1006,5.74,1096,4.13,-6137388,5030302
2016, -657,NA,NA,NA, 81.36,88.66,11.16,0,472, 999,5.20,1027,3.94,-6110747,5030765
2012,  684,NA,NA,NA, 79.34,68.07,31.87,0,470, 923,5.89,1018,4.69,-6113064,5046518
2011,  477,NA,NA,NA, 56.74,25.42,74.59,0,328, 964,4.70, 949,4.14,-6025034,5127598
2018, -562,NA,NA,NA, 63.16,28.28,70.76,0,319, 946,4.57, 971,4.72,-6049590,5090069
2010,  786,NA,NA,NA, 57.38,63.70,36.29,0,388, 926,5.30, 990,3.52,-6047042,5126439
2018,  751,NA,NA, 1, 85.20,70.80,29.12,0,423,1136,4.88,1065,5.00,-6119782,5025437
2011, -725,NA,NA,NA, 69.36,33.96,63.84,0,234, 946,5.78, 901,5.18,-6006270,5101189
2014,  745,NA,NA,NA, 74.74,65.19,33.55,0,411,1040,3.56, 969,5.27,-6104261,5036557
2010,-1723,NA,NA,NA, 77.06,88.01,11.79,0,470, 984,5.47,1052,3.79,-6109126,5050688
2013, -441,NA,NA,NA, 69.29,54.83,44.76,0,395,1060,4.00, 919,5.51,-6073682,5065282
2015,  865,NA,NA,NA, 80.72,84.87,15.08,0,446, 883,4.17,1161,4.18,-6113064,5116247
2016,  600,NA,NA,NA, 70.63,73.35,26.14,0,421, 959,5.09, 977,3.89,-6076462,5054858
2010, -591,NA,NA,NA, 92.02,73.52,26.03,0,363, 923,6.18, 984,4.44,-6082948,5038873
2019, -747,NA,NA,NA, 85.29,84.98,14.83,0,478,1310,3.42,1151,4.83,-6142716,5036557
2021,  288,NA,NA,NA, 84.14,52.27,47.35,1,419, 944,5.85,1073,4.27,-6110516,5081730
2014, 1711,NA,NA,NA, 76.54,83.70,16.26,0,468,1246,3.20,1116,4.93,-6141789,5068757
2021,  847,NA,NA,NA, 82.12,67.83,32.17,0,456,1009,5.89,1138,4.27,-6113295,5056479
2015,  739,NA,NA,NA, 79.40,81.09,18.85,0,481, 899,4.10,1160,4.15,-6113295,5095861
2018, -717,NA,NA,NA, 82.16,82.75,17.25,0,487,1145,4.50,1076,4.70,-6131828,5027754
2009, -828,NA,NA,NA, 89.42,53.58,45.97,0,238, 877,4.28, 931,5.01,-5995846,5112772
2017, -460,NA,NA,NA, 73.23,54.63,42.64,0,399,1304,4.80, 956,4.56,-6073451,5047213
2015, -569,NA,NA,NA, 70.94,85.36,14.36,0,478, 883,3.85,1098,3.95,-6088277,5090764
2013, -964,NA,NA,NA, 83.08,86.83,13.17,0,461,1172,3.36, 989,4.99,-6073914,5114625
2012,  246,NA,NA,NA, 76.00,49.60,48.37,0,376, 965,6.73,1071,5.51,-6177928,5022194
2012,-1318,NA,NA,NA, 75.50,58.93,40.47,0,371, 886,6.55,1006,5.34,-6121403,5026827
2017, -335,NA,NA,NA, 75.72,76.80,22.97,0,485,1319,4.48, 991,4.16,-6107504,5035167
2012, -927,NA,NA,NA, 68.78,86.53,13.23,0,513, 893,5.70,1005,4.54,-6089898,5046518
2013, -659,NA,NA,NA, 78.76,92.44, 7.54,0,448,1116,4.31, 957,5.78,-6125805,5026132
2007,  434,NA,NA,NA, 58.78,31.41,68.29,0,240, 841,4.61, 839,4.91,-6010208,5109760
2005, -730,NA, 1,NA,  4.45,24.23,65.05,0,318, 790,4.70, 847,3.90,-6045652,5086131
2011,  591,NA,NA,NA, 73.26,64.49,35.36,0,430, 969,5.25,1051,4.56,-6100091,5036093
2012, 1385,NA,NA,NA, 79.48,81.29,18.47,0,510,1028,5.80,1091,4.63,-6147812,5064355
2009,  489,NA,NA,NA, 71.58,45.00,54.45,0,348, 917,3.40, 992,4.10,-6029204,5132231
2008, 1054,NA,NA,NA, 60.65,72.97,25.96,0,257,1008,4.89, 859,5.73,-6038470,5063197
2010, -827,NA,NA,NA, 73.56,49.13,49.37,0,407, 948,5.85,1015,4.18,-6104029,5036557
2010, -678,NA,NA,NA, 61.82,60.83,39.17,0,405, 927,5.20, 992,3.45,-6044262,5127829
2016, -492,NA,NA,NA, 83.32,86.77,12.75,0,496, 998,5.22,1046,3.92,-6135766,5021499
2016, -661,NA,NA,NA, 60.28,31.27,68.73,0,402, 948,4.81,1025,3.53,-6067659,5104200
2017, -992,NA, 1,NA, 75.22,84.31,15.63,0,407,1369,4.96, 978,4.71,-6075072,5036325
2009,  462,NA,NA,NA, 74.12,93.47, 6.31,0,411,1093,4.15,1148,4.95,-6167503,5058564
2013, -576,NA,NA,NA, 64.74,54.12,44.80,0,349,1067,3.60, 927,5.18,-6026424,5126208
2011,  716,NA,NA,NA, 59.60,42.27,55.61,0,308, 959,4.95, 958,4.38,-6040555,5113930
2017, -863,NA,NA,NA,109.88,54.01,45.93,0,354,1389,5.39, 972,5.16,-6075999,5027522
2005, 1389,NA,NA,NA, 45.70,71.23,28.73,0,358, 792,4.89, 847,4.06,-6024803,5087521
2015, -510,NA,NA,NA, 85.10,78.12,21.62,0,366, 842,4.35,1107,4.35,-6088045,5128988
2016,  548,NA,NA,NA, 77.24,71.07,28.93,0,415, 931,4.53, 988,3.29,-6035691,5119490
2013, -810,NA,NA,NA, 88.70,80.37,19.36,0,418,1198,3.71, 999,5.40,-6097543,5108602
2012, -635,NA,NA,NA, 62.36,69.35,30.63,0,295, 849,6.20, 916,5.16,-6034069,5089606
2011,  691,NA,NA,NA, 78.37,84.26,15.63,0,492, 994,5.04,1088,4.33,-6109589,5032155
2021,  767,NA,NA,NA,118.78,63.88,31.91,0,253, 751,6.50, 905,4.70,-5994919,5124123
2019,-1076,NA,NA,NA, 72.92,65.66,34.34,0,330,1012,3.28, 997,4.65,-6039397,5101189
2010, -610,NA,NA,NA, 72.08,67.26,32.62,0,468, 989,5.63,1070,4.00,-6121635,5032155
2020,-1102,NA,NA,NA, 77.22,47.07,52.91,0,292, 962,5.80,1046,4.55,-6012757,5098409
2017, -858,NA,NA,NA, 59.64,59.05,40.90,0,363,1140,4.32, 927,4.02,-6041945,5102115
2015, -813,NA,NA,NA, 86.34,85.48,14.49,0,480, 925,4.36,1087,4.49,-6138546,5033082
2012,-1001,NA,NA,NA, 59.90,73.31,26.69,0,501, 924,5.90,1037,4.70,-6119782,5035167
2012, -775,NA,NA,NA, 76.94,73.90,25.92,0,495, 903,6.00,1024,4.80,-6118624,5030534
2012,  877,NA,NA,NA, 70.46,70.65,29.14,1,471, 930,5.40, 987,4.30,-6072756,5081730
2019, -799,NA,NA,NA, 85.70,53.15,46.84,0,311,1010,3.38,1001,4.76,-6031521,5100726
2012, -567,NA,NA,NA, 73.96,68.01,31.32,0,495, 967,5.80,1056,4.63,-6129511,5047908
2021,  937,NA,NA,NA, 85.86,83.00,16.59,0,487,1001,5.69,1133,4.16,-6129511,5070610
2010,  984,NA,NA,NA, 74.70,75.95,21.40,0,236, 872,6.61, 905,4.78,-6027814,5079645
2018,-1289,NA, 1,NA, 24.75,51.39,47.16,0,381, 897,4.00, 942,4.20,-6031057,5129451
2009, -694,NA,NA,NA, 41.62,36.68,61.16,0,411,1012,3.70,1094,4.45,-6105187,5103274
2013, -831,NA,NA,NA, 77.38,87.76,12.00,0,450,1171,3.61, 988,5.22,-6082948,5100494
2015, -349,NA,NA,NA, 77.84,81.07,18.92,0,338, 842,4.47,1102,4.49,-6092910,5121806
2015, -809,NA,NA,NA, 72.24,70.87,28.20,0,304, 842,4.64, 946,4.81,-6033837,5086131
2010,-1144,NA,NA,NA, 56.26,76.46,23.53,0,506, 992,5.48,1067,3.84,-6113990,5035862
2018, -617,NA,NA,NA, 77.26,52.73,46.05,0,412, 918,3.90, 957,4.12,-6040555,5118563
2016, 1044,NA,NA,NA, 72.90,73.13,26.83,0,442,1019,5.50,1098,4.15,-6151287,5033314
2013, -629,NA,NA,NA, 75.64,84.48,15.52,0,475,1207,3.53,1007,5.17,-6101713,5107212
2011,  479,NA,NA,NA, 65.46,66.73,32.83,0,390, 956,5.37,1010,4.71,-6077620,5045823
2015, -510,NA,NA,NA, 82.90,86.51,13.33,0,430, 900,4.63,1013,4.80,-6123257,5023121
2004,-1678,NA,NA,NA, 67.24,56.06,43.86,0,307, 789,3.79, 846,4.68,-6044262,5082888
2016, -826,NA, 1,NA, 46.39,61.01,38.96,0,284, 903,5.09, 930,3.86,-6007660,5125281
2006, -570,NA,NA,NA, 67.96,86.12,13.81,0,474,1058,5.42, 951,4.01,-6117465,5025437
2017, -646,NA,NA,NA, 88.50,51.78,45.19,0,415,1197,4.70,1057,4.27,-6137851,5082656
2008, 1190,NA,NA,NA, 53.46,36.75,62.36,0,338,1064,4.27, 872,5.14,-6076230,5051846
2009, 2162,NA,NA,NA, 76.44,59.43,40.56,1,369,1001,3.90,1092,4.67,-6106809,5111613
2009, -790,NA,NA,NA, 66.58,40.36,59.51,0,321, 906,3.65, 960,4.36,-6019706,5113235
2013, -339,NA,NA,NA, 85.16,74.02,25.70,0,309,1005,4.97, 892,6.47,-6059551,5041885
2009, -561,NA, 1,NA, 75.44,97.00, 2.81,0,470,1091,3.78,1156,4.55,-6156615,5068989
2011,  531,NA,NA,NA, 55.66,62.38,37.51,0,429, 969,5.24,1050,4.56,-6100091,5036325
2007,  877,NA,NA,NA, 45.71,46.60,51.99,0,303, 833,5.20, 897,5.53,-6092215,5024511
2012, -954,NA,NA,NA, 78.98,80.95,18.89,0,485, 955,6.00,1058,4.78,-6137156,5037483
2017,  297,NA,NA,NA, 75.19,60.17,39.17,0,289,1073,4.45, 892,4.13,-6008123,5128756
2013, -821,NA, 1,NA, 82.53,83.72,16.13,0,208, 967,4.51, 882,6.09,-5977313,5129683
2013, -992,NA,NA,NA, 72.90,77.72,22.23,0,489,1109,3.94, 954,5.43,-6104956,5039105
2015, -693,NA,NA,NA, 82.76,83.09,16.86,0,379, 937,4.88,1149,5.02,-6169588,5040727
2018,-1045,NA,NA,NA, 70.06,48.09,51.89,0,290, 918,4.56, 955,4.75,-6025266,5106980
2010,  703,NA,NA,NA, 77.60,67.20,32.51,0,479,1051,5.40,1119,3.85,-6133218,5072232
2013, -981,NA,NA,NA, 62.58,70.49,29.02,0,381,1035,4.20, 908,5.71,-6058856,5063197
2018,-1003,NA, 1,NA, 82.52,74.21,25.79,0,295, 881,4.32, 931,4.54,-6006734,5127598
2013, -577,NA,NA,NA, 64.66,86.04,13.89,0,275,1007,4.60, 890,6.10,-6033142,5084510
2012,  790,NA,NA,NA, 79.14,59.26,40.03,1,436, 947,5.88,1015,4.71,-6108199,5065050
2014, -818,NA,NA,NA, 81.09,81.56,18.44,0,458,1204,3.00,1089,4.73,-6107736,5091923
2008, -558,NA,NA,NA, 55.38,25.73,70.74,0,306,1011,3.80, 886,4.67,-6022486,5112540
2013, -711,NA,NA,NA, 78.74,73.36,26.27,0,405,1193,3.81, 992,5.51,-6099628,5119953
2020, -693,NA,NA,NA,113.98,48.35,51.40,1,301, 991,5.71,1067,4.48,-6036154,5085436
2015, 1038,NA,NA,NA, 34.74,33.99,64.07,0,305, 823,4.22, 998,4.36,-6044957,5113467
2014,  844,NA,NA,NA,101.04,35.84,63.44,0,185, 912,4.40, 909,5.90,-5988664,5112077
2022, 1159,NA,NA,NA, 67.74,25.42,74.59,0,328,  NA,  NA, 883,4.54,-6025034,5127598
2008, -624,NA,NA,NA, 60.79,70.45,28.99,0,343,1069,4.25, 874,5.10,-6077389,5051151
2010,  570,NA,NA,NA, 74.64,83.91,15.86,0,474,1060,5.57,1142,4.03,-6152909,5053004
2013, -625,NA,NA,NA, 68.44,77.60,22.39,0,264,1001,4.03, 893,5.63,-5999552,5128756
2013, -728,NA,NA,NA, 78.56,90.72, 9.20,0,419,1216,3.80,1007,5.53,-6112832,5116710
2018, -915,NA,NA,NA, 76.90,77.77,22.23,0,398, 924,3.92, 963,4.14,-6034996,5118100
2014, -653,NA,NA,NA, 80.04,50.51,48.33,0,298, 958,3.55, 945,5.14,-6021328,5103969
2021,  827,NA,NA,NA, 99.64,64.62,32.43,0,268, 759,6.50, 914,4.70,-5993297,5121806
2010,  626,NA,NA,NA, 73.84,88.89,10.90,1,449,1032,5.60,1106,4.03,-6135766,5056711
2021,  980,NA,NA,NA,104.96,64.09,35.68,0,206, 736,6.70, 891,4.89,-5984031,5127598
2018,-1025,NA,NA,NA, 79.28,87.72,12.28,0,423, 928,3.80, 967,4.07,-6035459,5118100
2010,  501,NA,NA,NA, 75.36,95.12, 4.66,0,507,1066,5.40,1147,3.86,-6149666,5054394
2016, -628,NA,NA,NA, 74.56,67.17,32.65,0,434, 970,4.76, 979,3.59,-6044725,5079876
2021,  693,NA,NA,NA, 85.20,78.95,21.05,0,490,1062,5.90,1188,4.30,-6106346,5038178
2007,-1283,NA,NA,NA, 76.58,83.55,16.39,0,386, 995,4.49, 970,4.50,-6103798,5114393
2010,-1073,NA,NA,NA, 79.09,69.12,29.08,0,157, 838,6.80, 871,4.88,-5981946,5119490
2008, -632,NA,NA,NA, 67.10,47.80,50.90,1,261, 999,3.80, 884,4.66,-6008818,5131304
2015, -548,NA, 1,NA, 53.88,17.10,82.79,0,261, 812,4.41, 964,4.56,-6036617,5110687
2021,  956,NA,NA,NA, 84.74,78.94,21.06,0,491,1060,5.90,1187,4.30,-6112137,5041421
2006, -723,NA,NA,NA, 73.96,81.38,18.56,1,475,1091,5.12, 993,3.69,-6129975,5058101
2012, -944,NA,NA,NA, 73.54,83.91,16.09,0,492, 883,6.20,1019,4.99,-6104261,5025206
2018, -835,NA,NA,NA, 76.12,34.91,65.10,0,287, 898,4.39, 942,4.56,-6020170,5118795
2022, 1142,NA,NA,NA, 77.02,80.30,19.34,0,284,  NA,  NA, 888,4.86,-6020401,5117868
2014, 1353,NA,NA,NA, 83.20,91.87, 7.90,0,537,1279,3.00,1146,4.75,-6144801,5066904
2019, -610,NA, 1,NA, 69.70,55.80,44.20,0,434,1164,3.15,1082,4.53,-6081790,5060649
2007, -636,NA,NA,NA, 70.04,55.05,44.28,0,426, 861,4.62, 916,5.03,-6066964,5036788
2014,  922,NA,NA,NA,110.50,62.08,37.82,0,384,1028,4.00, 945,5.59,-6057235,5043970
2016, -625,NA,NA,NA, 80.90,72.05,27.95,0,456, 985,5.03, 997,3.83,-6078547,5049066
2010, -777,NA,NA,NA, 71.12,75.45,24.30,0,397,1028,6.13,1135,4.67,-6178854,5021267
2012, -721,NA, 1,NA, 80.33,81.78,18.23,0,199, 843,6.39, 885,5.45,-5976618,5130378
2013, -341,NA,NA,NA, 67.84,25.49,68.76,0,208, 994,4.80, 873,6.34,-6036617,5087289
2021, -857,NA,NA,NA, 80.10,51.47,48.49,0,346, 792,5.66, 917,3.96,-6030131,5129914
2005,  843,NA,NA,NA, 53.68,77.46,22.53,0,284, 777,5.20, 833,4.40,-6031057,5083120
2018,-1038,NA,NA,NA, 65.08,54.11,45.89,0,327, 882,4.15, 931,4.37,-6012757,5130841
2019,-1022,NA,NA,NA, 99.69,33.32,65.97,0,267, 998,3.73, 999,5.10,-6017853,5101652
2013, -660,NA,NA,NA, 75.64,79.14,20.82,0,420,1144,3.44, 967,5.07,-6068122,5119490
2018,-1104,NA,NA,NA, 80.18,28.02,71.88,0,288, 918,4.58, 954,4.76,-6026656,5106749
2015, -373,NA,NA,NA, 68.17,76.07,23.47,0,484, 925,4.30,1089,4.46,-6139241,5033545
2017, -924,NA, 1,NA, 85.42,77.93,22.07,0,432,1379,4.83, 985,4.58,-6075304,5036093
2006, -784,NA,NA,NA, 53.06,80.54,19.43,0,445,1102,5.43,1025,4.03,-6155920,5051614
2014, -565,NA,NA,NA, 62.80,21.49,69.79,0,197, 936,4.30, 909,5.87,-6040324,5083120
2010,-1063,NA,NA,NA, 78.88,78.55,21.29,1,442, 955,5.62,1019,3.93,-6097311,5042116
2016, -566,NA,NA,NA, 76.80,78.86,20.54,0,429, 990,5.51,1004,4.29,-6103334,5023352
2019, -858,NA,NA,NA, 87.08,68.00,31.84,0,454,1228,3.29,1106,4.71,-6114222,5050919
2011,  713,NA,NA,NA, 71.22,62.14,37.64,0,327, 963,4.87, 961,4.28,-6039860,5114393
2011,  654,NA,NA,NA, 73.42,92.04, 7.29,0,256, 950,5.93, 923,5.30,-6023413,5080340
2009, -837,NA,NA,NA, 65.86,65.12,33.83,0,224, 865,4.07, 928,4.77,-5995846,5128524
2009,-1885,NA,NA,NA, 70.96,70.81,29.18,1,442, 981,3.24,1039,3.97,-6066269,5103737
2010,-1051,NA,NA,NA, 74.60,86.21,13.64,0,443, 954,5.79,1022,4.08,-6094068,5033777
2010,  617,NA,NA,NA, 79.54,86.19,13.81,0,399,1058,6.00,1145,4.50,-6169356,5057406
2015, -618,NA,NA,NA, 81.74,85.17,14.83,0,417, 868,4.25,1138,4.27,-6104956,5116941
2015, -438,NA,NA,NA, 90.25,69.82,30.08,1,372, 860,4.39,1125,4.43,-6101481,5117173
2012, -495,NA,NA,NA, 73.24,68.18,31.73,0,473, 901,6.05,1018,4.83,-6117465,5032619
2017,-1309,NA, 1,NA, 17.22,36.29,62.31,0,364,1079,4.20, 924,3.82,-6032911,5128524
2011,  414,NA,NA,NA, 77.12,66.11,33.88,0,360, 971,4.60, 956,4.03,-6025266,5128293
2010,  864,NA,NA,NA, 69.79,76.83,21.26,0,289, 887,6.35, 919,4.50,-6026193,5081498
2022,-1328,NA,NA,NA, 90.84,17.83,82.11,0,226,  NA,  NA, 888,5.23,-6033142,5109760
2012, -892,NA,NA,NA, 73.64,70.75,29.20,0,399, 867,5.99, 964,4.87,-6087350,5053004
2012,  252,NA,NA,NA, 77.36,68.49,31.37,0,451, 895,5.61, 976,4.51,-6075072,5067599
2013, -365,NA,NA,NA, 83.30,62.75,36.89,0,372,1159,3.82, 970,5.50,-6085265,5119953
2016, -198,NA,NA,NA, 84.18,88.87,10.85,0,489, 995,5.18,1033,3.93,-6120245,5029839
2015,-1412,NA,NA,NA, 83.94,79.77,20.21,0,387, 858,4.35,1118,4.36,-6095921,5117173
2013,-1112,NA,NA,NA, 60.08,77.19,22.81,0,512,1157,3.90, 984,5.39,-6121635,5037252
2014, -610,NA,NA,NA, 59.70,26.36,64.26,0,203, 925,4.34, 912,5.87,-6004649,5101189
2010,  766,NA, 1,NA, 66.58,72.49,27.40,0,170, 838,6.52, 874,4.61,-5976618,5131999
2007,-1154,NA,NA,NA, 76.73,85.70,13.69,0,366, 976,5.12,1002,5.20,-6178159,5032850
2006,-1586,NA,NA,NA, 68.24,86.85,12.38,0,424,1101,5.59,1031,4.15,-6164260,5059259
2016,-1423,NA,NA,NA, 70.46,38.07,61.81,0,228, 917,5.75, 921,4.56,-6036849,5087521
2008, -481,NA,NA,NA, 75.57,41.75,57.12,0,427,1131,3.80, 914,4.64,-6094068,5053468
2021,  849,NA,NA,NA, 82.75,49.39,49.63,0,436, 943,5.78,1064,4.19,-6113295,5094471
2008,-1316,NA,NA,NA,102.00,81.99,17.95,0,183, 943,4.70, 858,5.53,-5978935,5123196
2010, -986,NA,NA,NA, 72.98,79.02,20.99,1,491, 973,5.41,1040,3.74,-6098933,5041653
2009,  509,NA,NA,NA, 77.28,84.65,15.10,0,413,1094,4.12,1137,4.89,-6161712,5055321
2018, 1404,NA,NA,NA, 82.50,77.66,22.08,0,410,1050,4.54,1026,4.68,-6075535,5055089
2006, 1248,NA,NA,NA, 59.54,70.38,29.44,0,333, 999,5.58, 838,4.18,-6020401,5093313
2019,  551,NA,NA,NA, 59.22,51.09,48.82,0,461,1100,2.80,1048,4.24,-6069049,5088216
2022,-1018,NA,NA,NA, 84.22,63.81,35.13,0,280,  NA,  NA, 857,4.83,-6006734,5128988
2019,-1119,NA,NA,NA, 74.08,65.63,34.36,0,406,1025,3.07,1018,4.43,-6030362,5101189
2014, 1614,NA,NA,NA, 68.02,28.41,69.61,0,297, 989,3.35, 959,4.98,-6038934,5106980
2013, -647,NA,NA,NA, 55.39,58.90,40.96,0,367,1031,4.24, 904,5.77,-6058625,5063197
2008, -576,NA,NA,NA, 68.50,74.96,24.64,0,353,1310,4.71,1000,5.56,-6179781,5035167
2017,-1155,NA,NA,NA, 81.07,59.44,39.48,0,380,1268,5.32,1052,4.93,-6174684,5030070
2021,  581,NA,NA,NA, 86.24,73.24,26.76,0,419, 895,5.83,1047,4.13,-6044030,5080340
2013, -485,NA,NA,NA, 75.98,80.50,19.49,0,233, 983,5.06, 878,6.58,-6022255,5081266
2010,-1190,NA,NA,NA, 64.88,66.28,33.65,0,473, 983,5.60,1059,3.97,-6116075,5034703
2010, -762,NA,NA,NA, 97.24,55.88,41.95,0,183, 851,6.85, 882,4.93,-5995846,5105590
2011,  698,NA,NA,NA, 73.34,73.18,26.53,0,403, 960,5.31,1015,4.67,-6077389,5045823
2007,-1011,NA,NA,NA, 71.28,79.31,20.64,0,457, 939,4.49, 993,4.65,-6145727,5032850
2006,  414,NA,NA,NA, 52.40,52.42,47.50,0,372,1025,4.89, 865,3.47,-6025034,5118795
2009,  724,NA,NA,NA, 67.28,34.95,65.05,0,242, 884,4.16, 932,4.87,-6010903,5109297
2013, -614,NA,NA,NA, 72.50,83.76,16.18,0,385,1149,4.69, 976,6.17,-6145727,5024742
2018, -660,NA,NA,NA, 75.20,56.23,42.52,0,279, 909,4.58, 950,4.75,-6020401,5111613
2015, -492,NA,NA,NA, 83.92,89.19,10.82,0,376, 952,5.08,1142,5.22,-6192522,5021499
2012,  969,NA, 1,NA, 69.00,63.03,36.65,0,388, 966,6.70,1072,5.47,-6178391,5021499
2021,  617,NA,NA,NA, 69.60,84.13,15.71,0,477,1045,5.89,1175,4.29,-6122330,5047445
2006, -724,NA,NA,NA, 59.14,89.92, 9.99,0,499,1118,5.16,1035,3.71,-6148971,5054394
2021, -906,NA,NA,NA,113.86,64.22,35.46,0,253, 795,6.75, 951,4.96,-6006502,5103969
2008, 1399,NA,NA,NA,108.06,48.26,51.75,0,308, 999,4.48, 881,5.31,-6017621,5082193
2016,  402,NA,NA,NA, 65.68,33.34,66.37,0,251, 890,5.20, 917,3.97,-6002100,5130609
2012, -939,NA, 1,NA, 86.88,71.85,27.86,0,287, 840,6.34, 908,5.34,-6008587,5099567
2006, 1009,NA,NA,NA, 57.18,69.47,30.54,0,359,1001,5.59, 840,4.16,-6019706,5093776
2010, -922,NA,NA,NA, 75.20,82.85,16.90,0,401, 939,6.17,1022,4.46,-6100323,5021962
2015, -720,NA,NA,NA, 79.68,83.42,16.58,0,478, 916,4.40,1049,4.56,-6133450,5024279
2008, -600,NA, 1,NA, 14.63,65.24,34.58,0,308,1022,3.63, 897,4.46,-6017390,5129683
2010,  780,NA,NA,NA, 65.14,41.92,57.78,0,357, 909,6.16, 950,4.34,-6046115,5062271
2016, -478,NA,NA,NA, 79.46,72.89,27.09,0,472, 984,4.87,1024,3.61,-6093141,5056942
2015,  578,NA,NA,NA, 66.00,46.31,51.69,0,363, 825,3.90,1018,3.98,-6034301,5130146
2012, 1462,NA,NA,NA, 77.96,90.97, 8.89,0,511,1033,5.75,1083,4.57,-6139241,5075012
2010,-1383,NA,NA,NA, 74.48,81.44,18.55,0,478, 994,5.61,1083,4.00,-6128121,5028217
2014,  532,NA,NA,NA, 65.60,16.09,83.89,0,243, 966,3.60, 940,5.25,-6034301,5107907
2022,-1291,NA,NA,NA, 35.13,37.89,62.04,0,374,  NA,  NA, 894,4.40,-6031521,5128524
2010,-1501,NA,NA,NA, 64.24,66.45,33.51,0,433, 936,5.16,1002,3.40,-6047968,5126671
2016, -595,NA,NA, 1, 71.10,86.17,13.83,0,469, 998,5.26,1031,4.00,-6118160,5027290
2013,-2041,NA,NA,NA, 87.14,74.89,25.01,0,426,1056,4.31, 922,5.81,-6080632,5041653
2013, -931,NA,NA,NA, 79.94,75.45,24.20,0,424,1108,4.41, 949,5.89,-6126268,5026132
2021,-1286,NA,NA,NA, 85.74,72.54,27.23,0,414, 954,6.08,1094,4.41,-6064879,5061576
2018,  258,NA,NA,NA, 70.18,73.56,23.70,0,307,1001,4.97,1005,5.10,-6047042,5071768
2017,-1009,NA, 1,NA, 23.17,33.56,64.68,0,349,1077,4.20, 922,3.89,-6033142,5128061
2010,  866,NA,NA,NA, 55.04,79.87,20.10,0,353, 928,5.63,1010,3.91,-6065806,5129219
2013, -826,NA,NA,NA, 75.44,66.77,32.20,0,391,1275,4.27,1053,5.90,-6146886,5079181
2015,-2054,NA,NA,NA, 82.64,87.03,12.70,0,461, 873,3.92,1100,4.03,-6085033,5100726
2005,-1224,NA, 1,NA, 27.46,40.55,59.19,0,263, 780,5.00, 833,4.14,-6027814,5095397
2007,  586,NA,NA,NA, 76.74,87.12,12.73,0,220, 827,5.17, 836,5.53,-6025961,5078950
2013, -676,NA,NA,NA, 78.84,81.12,18.63,0,479,1282,3.94,1062,5.50,-6152677,5065745
2007,  969,NA,NA,NA, 62.31,27.83,70.96,0,253, 842,4.58, 842,4.86,-6011135,5109297
2018,-2175, 1,NA,NA, 36.52,71.95,28.05,0,310, 881,4.18, 929,4.40,-6017158,5129914
2018, 1466,NA,NA,NA, 73.10,24.06,74.52,0,231, 909,4.94, 949,5.11,-6016000,5106749
2015,  403,NA,NA,NA, 84.24,26.01,73.96,0,357, 826,3.90,1020,3.99,-6039397,5126671
2013, -792,NA,NA,NA, 66.90,83.31,16.61,0,392,1142,3.65, 960,5.31,-6066038,5129683
2015, -624,NA,NA,NA, 82.36,79.73,20.21,0,472, 908,4.42,1026,4.58,-6123488,5024511
2015, -807,NA,NA,NA, 77.00,74.36,25.65,0,328, 844,4.50, 949,4.66,-6032216,5088911
2011,  591,NA,NA,NA, 67.40,36.18,60.65,0,264, 947,5.32, 920,4.72,-6023413,5106285
2017, -748,NA,NA,NA, 85.18,77.82,21.87,0,404,1120,4.59, 999,4.16,-6094763,5115320
2018, -892,NA,NA,NA, 81.58,59.96,39.27,0,366,1016,4.65, 999,4.78,-6080632,5060417
2013, -305,NA,NA,NA, 97.48,80.40,18.55,0,184, 964,4.70, 875,6.32,-5985653,5122038
2010, -735,NA,NA,NA, 69.04,80.85,18.99,0,453, 960,5.90,1042,4.22,-6107504,5024742
2019, -629,NA,NA,NA, 89.56,83.38,16.62,0,327,1087,3.84,1076,5.17,-6020170,5081961
2017, -627,NA,NA,NA, 83.34,88.12,11.88,0,440,1245,4.87,1078,4.46,-6157773,5060881
2010, -512,NA,NA,NA, 61.30,48.90,51.00,0,423, 940,5.37, 980,3.60,-6063953,5080571
2009, -953,NA,NA,NA, 65.38,92.30, 7.41,0,487,1110,3.69,1119,4.43,-6141094,5047445
2013, -348,NA,NA,NA, 90.28,88.16,11.58,0,221, 981,4.98, 872,6.50,-6028278,5079876
2013,-1327,NA,NA,NA, 76.94,85.61,14.29,0,454,1169,3.77, 989,5.30,-6101713,5072000
2018,-1389,NA,NA,NA, 74.96,68.70,31.27,0,317, 921,4.45, 959,4.63,-6025266,5107212
2005,-1121,NA,NA,NA, 45.34,52.24,47.74,0,313, 786,4.85, 841,4.03,-6034301,5090764
2018, -546,NA, 1,NA, 87.43,73.19,26.81,0,292, 880,4.34, 930,4.55,-6006965,5127829
2010,-1141,NA,NA,NA, 49.90,87.95,11.96,0,516,1021,5.42,1107,3.86,-6132291,5036093
2016,  666,NA,NA,NA, 78.04,86.41,13.34,0,488,1003,5.15,1038,3.89,-6118392,5028912
2021,  912,NA,NA,NA, 83.14,60.25,39.35,0,289, 849,6.56,1001,4.82,-6035691,5085205
2010, -485,NA,NA,NA, 69.80,87.23,12.74,0,421,1052,5.79,1133,4.26,-6150824,5053468
2012, -820,NA,NA,NA, 69.00,73.67,26.22,0,389, 965,6.70,1072,5.48,-6178623,5021267
2018, 1404,NA,NA,NA, 68.22,89.95, 9.82,0,483,1142,4.59,1084,4.74,-6145264,5035167
2016, -642,NA,NA,NA, 80.98,70.67,29.19,0,453, 970,4.61,1011,3.39,-6061173,5088216
2006, -714,NA,NA,NA, 73.48,72.31,27.67,0,409,1061,5.29, 949,3.87,-6112369,5059027
2013, -476,NA,NA,NA, 77.51,35.35,62.19,0,360,1048,4.15, 908,5.66,-6073682,5065514
2021,  728,NA,NA,NA, 78.82,37.58,62.00,0,322, 769,5.81, 908,4.10,-6012293,5128524
2015,-2089,NA,NA,NA, 79.54,77.19,22.60,0,453, 874,3.95,1100,4.04,-6085960,5099567
2014, -541,NA,NA,NA, 80.52,81.22,18.53,0,417,1223,3.21,1085,4.96,-6107967,5108833
2008,  942,NA,NA,NA, 87.18,57.10,41.50,0,186, 967,5.10, 846,5.95,-6022023,5079876
2017,-1552,NA,NA,NA, 71.64,50.13,48.53,0,278,1085,4.52, 900,4.22,-6031752,5116247
2009, 1204,NA,NA,NA, 89.98,72.31,27.62,0,312, 919,4.25, 952,5.00,-6019475,5081498
2019, -533,NA,NA,NA,122.44, 3.67, 2.84,1,402,1135,3.10,1050,4.57,-6095226,5081266
2016, -644,NA,NA,NA, 82.32,93.50, 6.11,0,494, 996,4.80,1075,3.49,-6100554,5075012
2015,  640,NA,NA,NA, 74.78,69.29,30.69,0,393, 839,4.00, 971,4.19,-6031521,5103274
2016, -867,NA,NA,NA, 74.52,58.08,41.92,0,376, 937,4.83, 973,3.61,-6041250,5102115
2017, -653,NA,NA,NA, 90.70,72.53,27.38,0,482,1211,4.26,1009,3.89,-6094995,5078718
2013, -525,NA,NA,NA, 64.96,76.14,23.15,0,402,1056,4.11, 915,5.61,-6082485,5054626
2009, 1574,NA,NA,NA, 50.64,35.87,64.04,0,302, 907,3.70, 960,4.40,-6028509,5111150
2019,-1233,NA,NA,NA, 76.58,60.26,39.70,0,397,1021,3.11,1014,4.46,-6030594,5101652
2006, -936,NA,NA,NA, 71.36,82.37,17.37,0,503,1120,5.10,1032,3.66,-6143179,5067135
2009, -580,NA,NA,NA, 46.74,58.89,41.02,0,319, 944,3.82,1037,4.58,-6066269,5131999
2005,-1083,NA,NA,NA, 44.32,24.58,69.81,0,301, 805,4.42, 854,3.51,-6012293,5131999
2008, -470,NA,NA,NA, 55.66,35.17,64.59,0,365,1068,3.50, 924,4.29,-6033837,5130378
2021, 1071,NA,NA,NA, 87.64,79.10,20.29,0,375,1034,6.50,1174,5.00,-6173294,5055553
2013, -719,NA,NA,NA, 81.12,84.70,15.30,0,394,1162,3.68, 976,5.35,-6078547,5116710
2010,  893,NA,NA,NA, 72.82,84.83,14.18,0,272, 882,6.47, 915,4.63,-6025266,5080571
2010,-1301,NA,NA,NA, 79.34,73.88,26.12,0,475, 981,5.64,1062,3.99,-6119550,5029839
2010,-1697,NA,NA,NA, 80.82,71.84,28.16,0,463, 973,5.74,1057,4.07,-6116539,5027059
2013,-1116,NA,NA,NA, 76.62,88.93,11.03,0,488,1102,3.81, 950,5.31,-6094300,5048371
2008,-1596,NA,NA,NA, 73.06,86.01,13.69,0,485,1314,3.88,1026,4.70,-6150824,5054163
2021,  850,NA,NA,NA, 92.42,70.19,29.81,0,388, 868,6.25,1032,4.48,-6021560,5087753
2019, -613,NA,NA,NA, 82.16,71.18,28.69,0,426,1308,3.81,1148,5.21,-6148739,5024742
2016,-1074,NA, 1,NA, 21.76,64.63,35.38,0,289, 903,5.06, 931,3.84,-6007429,5125513
2013, -594,NA,NA,NA, 76.84,76.63,23.32,0,409,1168,3.66, 978,5.29,-6082254,5116710
2010, -753,NA,NA,NA, 78.52,67.96,31.95,0,441, 969,5.70,1040,4.01,-6108199,5037252
2009,  432,NA,NA,NA, 54.88,24.90,73.66,0,302, 911,3.74, 960,4.47,-6038007,5105359
2011,  647,NA,NA,NA, 71.72,60.33,39.13,0,268, 952,5.04, 912,4.50,-6005344,5127134
