year,magnitude,age,deciduous,conifers,protected,elevation,precipitation,temperature,precipitation_lag1,temperature_lag1,precipitation_lag2,temperature_lag2,precipitation_lag3,temperature_lag3,cmi,rh,cmi_lag1,rh_lag1,cmi_lag2,rh_lag2,cmi_lag3,rh_lag3
2021,  915, 77.62,89.11,10.19,0,519,1031,5.70,1155,5.01,1233,3.00,1098,4.19,49.1,60.0,65.3,61.0,76.2,59.0,58.3,61.0
2014, -796, 82.34,84.63,15.32,0,455,1135,2.70,1160,3.34, 973,5.34,1004,4.49,66.8,60.0,66.2,60.0,41.5,61.0,47.8,61.0
2013, -440, 83.74,72.48,27.19,0,453,1172,3.44, 981,5.50,1010,4.60, 970,5.22,67.6,61.0,42.5,61.0,48.6,62.0,44.9,63.0
2010, -937, 62.46,84.37,15.56,0,486, 970,5.41,1056,3.51,1167,3.70, 885,4.05,44.1,63.0,60.0,60.0,69.4,59.0,34.3,59.0
2009,  577, 73.38,64.01,33.89,1,224, 876,4.06, 973,4.24, 844,4.56, 983,5.64,37.4,58.0,44.8,57.0,25.9,57.0,43.4,60.0
2012, -729, 55.29,54.00,44.88,0,308, 907,5.80, 961,4.99, 907,5.67, 927,3.67,31.5,59.0,40.9,60.0,34.9,61.0,44.1,58.0
2019,-1055, 71.62,36.13,62.30,0,431,1088,2.90, 974,4.10,1160,4.20, 963,4.80,60.2,58.0,44.4,60.0,65.9,60.0,40.6,58.0
2015,  414,101.44,59.50,39.81,0,210, 835,5.37, 941,4.57, 973,5.16, 809,6.97,23.6,58.0,41.9,61.0,42.0,61.0,17.6,61.0
2018, -873, 79.52,64.45,35.03,0,402, 954,4.10,1158,4.19, 947,4.74, 851,3.90,41.4,59.0,64.9,60.0,38.3,57.0,29.9,56.0
2015, -538, 74.88,73.85,25.61,0,452, 906,4.50,1057,3.53,1092,4.30, 883,6.23,36.5,59.0,58.6,61.0,58.9,62.0,31.0,62.0
2021,-1571, 79.18,71.79,27.97,0,405, 836,5.50, 946,4.69, 984,2.96, 908,4.00,27.6,58.0,44.1,59.0,49.7,58.0,37.6,60.0
2007,  434, 58.78,31.41,68.29,0,240, 841,4.61, 981,5.71, 772,5.11, 765,3.91,25.5,57.0,43.2,61.0,16.3,56.0,24.5,58.0
2012, 1288, 58.60,76.80,23.08,0,534,1034,5.71,1101,4.81,1078,5.30,1111,3.50,48.5,62.9,58.6,63.0,56.6,64.0,66.9,61.0
2018, -778, 76.90,36.35,61.95,0,317, 882,4.18,1069,4.30, 901,4.88, 816,4.00,32.7,58.0,54.1,58.0,32.5,56.0,25.0,55.0
2011,  567, 62.52,48.76,50.17,0,332, 945,5.33, 906,5.96, 964,3.98,1053,4.12,40.2,62.0,34.9,62.0,48.2,59.0,55.2,58.0
2010,-1050, 70.04,51.93,47.96,0,467, 952,5.20, 979,3.20,1094,3.30, 899,3.70,42.2,62.0,51.9,59.0,61.5,58.0,35.4,57.0
2005,-1221, 66.98,61.69,37.35,0,373, 947,5.13, 972,3.96,1129,3.86,1008,4.98,38.0,59.0,48.8,61.0,64.4,60.0,51.0,62.0
2021,  785, 92.93,57.32,39.97,0,389, 989,6.10,1072,5.40,1235,3.60,1046,4.72,44.3,61.0,57.5,61.0,75.9,60.6,52.7,62.0
2010, -912, 71.64,70.75,29.20,0,399, 935,5.68,1002,3.77,1105,3.88, 858,4.28,39.1,62.1,53.3,59.2,61.8,58.2,30.3,58.0
2013,-1080, 85.02,82.00,17.97,0,449,1090,4.05, 880,6.00, 976,5.10, 959,5.60,58.9,61.0,31.0,62.0,45.2,62.9,42.3,63.0
2009,  638, 71.50,66.48,33.45,0,354, 926,3.71,1019,3.83, 862,4.20,1006,5.30,44.3,59.0,51.6,57.9,29.5,57.0,47.7,61.0
2014,  926, 76.66,67.33,32.46,0,340,1001,3.99,1026,4.69, 830,6.59, 939,5.69,51.0,61.0,50.5,61.0,23.2,62.0,39.2,63.0
2021,  501, 94.00,78.18,20.29,0,445,1008,5.91,1126,5.28,1210,3.27,1068,4.45,45.7,60.0,61.3,60.2,72.8,59.0,54.2,61.0
2010,  465, 64.74,96.25, 3.54,0,513,1066,5.40,1116,3.60,1317,3.70,1007,4.20,54.6,63.0,66.6,61.0,85.0,60.0,46.9,60.0
2013, -802, 65.02,69.24,30.73,0,277,1014,4.46, 844,6.32, 945,5.48, 882,6.16,47.8,60.0,23.5,60.0,38.7,61.0,31.0,62.0
2021,  755, 85.06,44.29,53.42,0,340,1091,6.84,1175,6.20,1351,4.40,1170,5.52,52.7,62.0,64.9,62.0,85.6,61.0,63.4,63.0
2019,-1207, 79.85,22.43,76.81,0,265, 999,3.76, 929,4.87,1146,4.96, 923,5.50,47.0,57.0,36.3,60.0,61.2,60.0,33.1,58.0
2013, -504, 67.45,77.52,20.00,0,359,1187,4.02, 981,6.15,1008,5.22, 965,5.92,69.3,63.0,42.9,63.0,48.0,63.0,44.4,65.0
2016, -662, 73.50,84.81,15.20,0,334, 951,5.47, 853,4.67, 974,3.80,1015,4.42,36.8,59.0,28.4,58.0,47.7,61.0,48.9,61.0
2006,  825,107.20,81.94,18.03,0,353,1004,5.53, 789,4.90, 787,3.74, 950,3.71,47.0,62.0,19.5,57.0,27.9,59.0,44.1,59.0
2016, -553, 80.14,80.62,19.38,0,499,1010,5.10, 916,4.23,1077,3.27,1112,4.01,45.8,59.0,38.3,59.0,61.2,61.0,61.6,62.0
2016, -444, 75.74,77.15,22.69,0,497,1001,5.08, 908,4.20,1080,3.20,1124,3.98,45.1,59.0,37.6,59.0,61.7,61.0,62.8,62.0
2013, -429, 77.16,87.26,11.97,0,267, 994,4.79, 827,6.63, 952,5.79, 881,6.50,45.3,61.0,20.8,61.0,38.6,62.0,29.9,63.0
2012,  465, 78.10,76.29,23.71,0,468, 948,5.81,1018,4.94,1001,5.44,1066,3.58,38.3,61.8,49.4,62.0,47.1,63.0,60.7,60.0
2009, -411, 60.46,60.57,39.15,0,285, 889,3.60,1006,3.77, 866,4.10,1002,5.10,39.9,58.0,49.5,56.0,29.4,56.0,46.6,60.0
2012,  636, 76.94,87.28,12.71,0,392, 981,5.86,1003,4.96, 953,5.66, 982,3.72,43.3,63.0,48.0,63.0,43.6,65.0,54.0,62.0
2018, -639, 73.96,37.66,62.28,0,331, 916,4.31,1121,4.41, 921,4.98, 832,4.13,36.3,59.0,59.6,59.0,34.5,57.0,26.7,56.0
2009,  372, 72.96,89.72, 9.98,0,472,1107,3.80,1299,3.95, 985,4.40,1103,5.30,64.9,61.0,82.6,60.0,44.0,60.0,59.5,63.0
2013,-1833, 78.50,88.45,11.41,1,533,1182,3.51, 965,5.45,1029,4.59,1009,5.11,68.9,61.0,41.0,61.0,51.3,62.0,48.9,63.0
2005,  839, 54.18,38.87,59.46,0,340, 952,5.52,1003,4.50,1147,4.37,1009,5.62,36.2,58.0,49.6,60.0,64.3,59.0,48.8,62.0
2016, -794, 79.98,70.59,29.40,0,480,1002,5.24, 917,4.35,1091,3.34,1140,4.14,44.7,59.0,38.2,59.0,62.4,61.0,64.0,62.0
2014, 1512, 62.52,80.54,19.18,0,537,1277,2.96,1292,3.71,1035,5.71,1103,4.80,82.4,62.0,80.3,62.0,48.7,63.0,58.8,63.0
2010,-1881, 73.20,63.09,36.41,0,420, 962,5.74,1047,3.84,1163,3.98, 878,4.37,42.0,63.0,57.9,60.0,67.7,59.0,32.3,58.0
2011,  527,107.20,77.14,22.82,0,380, 989,5.18, 910,5.91, 932,3.81,1017,3.95,44.6,62.0,35.1,63.0,44.7,60.0,51.0,58.0
2010, -513, 87.32,82.51,17.39,0,422,1052,5.79,1103,3.99,1302,4.19, 993,4.59,51.7,63.0,64.0,61.0,82.2,60.0,44.2,60.0
2014, -652, 80.96,91.57, 8.12,0,426,1160,2.94,1174,3.61, 978,5.64,1004,4.74,69.2,61.0,67.3,61.0,41.8,61.0,47.5,62.0
2019, 2556, 43.78,58.21,41.72,0,398, 976,2.90, 907,3.99,1085,4.14, 924,4.71,48.4,57.1,37.1,59.0,57.4,59.0,36.5,57.1
2010,-1003, 62.08,84.77,15.17,0,497, 999,5.51,1104,3.62,1227,3.80, 909,4.20,46.8,63.0,64.6,60.0,75.4,59.0,36.4,59.0
2019, -198, 98.58,78.60,21.26,0,412,1150,3.43, 988,4.53,1158,4.73, 979,5.33,68.1,61.0,47.5,62.0,67.1,63.0,43.6,60.7
2007, -490, 62.46,53.11,46.89,0,363, 863,4.19,1007,5.20, 797,4.60, 796,3.50,29.8,57.0,48.0,61.0,21.2,56.0,29.5,58.0
2013, -565, 63.48,48.66,51.00,0,273,1012,4.50, 842,6.35, 943,5.51, 881,6.20,47.5,60.0,23.2,60.0,38.4,62.0,30.9,62.0
2019, -889, 76.94,73.78,26.04,0,364,1053,3.30, 963,4.46,1177,4.51, 943,5.10,54.6,57.0,41.6,60.0,66.1,60.0,36.9,58.0
2013, -468, 81.16,78.46,21.21,0,406,1049,4.31, 852,6.21, 961,5.31, 934,5.91,53.9,61.3,26.8,62.0,42.7,63.0,38.7,63.0
2015, -503, 80.00,64.94,34.66,0,410, 889,4.40,1250,3.29,1233,3.96,1009,6.06,36.3,60.0,79.5,63.0,74.2,63.0,46.1,63.0
2016, -700, 79.36,83.26,16.75,0,477, 999,5.27, 916,4.40,1088,3.37,1138,4.19,44.4,59.6,38.1,59.0,62.1,61.0,63.7,62.0
2013, -465, 81.42,82.12,17.40,0,381,1235,4.69, 973,6.67,1069,5.69,1041,6.09,71.6,62.0,39.0,62.0,52.5,63.0,49.4,63.0
2007, -768, 70.68,68.77,30.96,0,453, 954,3.92,1074,4.88, 890,4.22, 893,3.08,41.2,58.0,56.8,61.0,33.1,57.0,42.0,59.0
2017, 1277, 70.17,28.48,66.47,0,236,1124,4.99, 911,5.53, 819,4.73, 940,3.88,58.5,60.0,31.5,58.0,23.7,57.0,43.0,60.0
2005, -932, 68.36,79.38,20.34,0,405, 891,4.47, 905,3.21,1036,3.21, 947,4.17,33.3,58.0,43.5,60.0,55.6,59.0,46.1,60.6
2006,  603, 59.36,46.17,52.93,0,239, 982,5.98, 772,5.38, 771,4.20, 931,4.18,42.8,61.0,15.6,57.0,24.5,59.0,40.4,59.0
2017, -432, 72.04,47.29,51.92,0,231,1202,5.38, 942,5.90, 844,5.10, 949,4.30,66.0,61.0,33.7,59.0,25.3,58.0,43.2,61.0
2009,  573, 87.66,26.22,70.97,0,231, 879,4.42, 964,4.52, 838,4.82, 978,5.93,37.2,59.0,43.4,58.0,24.7,58.0,42.5,61.0
2015, -453, 83.50,86.35,13.50,0,386, 861,4.40,1212,3.29,1193,3.90, 986,6.00,32.9,59.0,75.3,62.0,70.0,62.0,43.5,63.0
2019, -604, 17.00,58.81,41.19,0,388, 981,2.89, 911,3.96,1090,4.11, 926,4.70,48.7,57.0,37.3,59.0,57.8,59.0,36.4,57.0
2021, -655, 80.46,13.70,83.23,0,249, 747,6.16, 886,5.30, 910,3.44, 867,4.50,14.9,57.0,33.6,57.0,38.4,56.0,30.2,59.0
2011,  711, 61.30,60.77,38.33,0,459, 984,5.30, 963,5.80,1072,3.90,1174,4.07,45.7,63.0,42.3,63.0,60.6,60.0,69.2,59.0
2015, -587, 80.46,90.33, 9.67,0,428, 903,4.69,1063,3.67,1107,4.47, 898,6.39,35.8,59.0,58.7,61.0,59.9,62.0,32.0,62.0
2008, -516, 61.07,43.81,53.70,1,417,1158,3.79, 908,4.19,1049,5.10, 866,4.50,67.5,58.0,35.6,58.0,53.4,61.0,29.6,57.0
2012,-1080, 78.20,85.08,14.85,1,501, 935,5.90,1018,5.00,1007,5.49,1106,3.60,37.4,62.0,50.0,63.0,47.9,63.0,65.0,60.0
2012,  438, 90.70,25.28,74.72,1,233, 863,6.20, 932,5.33, 873,6.03, 892,4.03,25.3,59.0,36.9,60.0,29.8,61.0,39.1,58.0
2013, -572, 80.56,72.58,27.42,0,425,1193,3.69, 989,5.70,1017,4.80, 988,5.46,69.3,61.0,43.0,61.4,48.9,62.0,46.3,63.1
2013, -825,105.24,57.90,42.06,0,367,1029,4.39, 839,6.29, 944,5.39, 914,5.99,51.3,61.0,24.9,61.0,40.3,62.0,35.9,63.0
2010,-1178, 73.62,88.93,11.03,0,488, 967,5.38,1045,3.48,1155,3.60, 886,3.98,43.8,63.0,58.9,60.0,68.1,59.0,34.4,58.0
2017, -811, 70.35,76.12,23.87,0,314,1168,4.70, 936,5.28, 838,4.48, 969,3.60,64.3,60.0,35.2,58.0,26.7,57.0,47.1,60.0
2016, -720, 81.62,84.29,15.66,0,485, 995,5.19, 915,4.37,1066,3.38,1099,4.15,43.9,59.0,37.8,59.0,59.8,61.0,60.0,62.0
2013, -835, 95.46,46.56,53.43,0,297, 995,4.49, 842,6.30, 959,5.49, 876,6.20,46.1,61.0,23.4,60.0,40.3,62.0,30.3,63.0
2016, -571, 79.20,73.63,26.37,0,491, 987,4.92, 893,4.10,1062,3.10,1106,3.85,43.7,59.0,36.0,58.0,59.7,61.0,61.0,61.0
2013, -412,114.00,61.19,38.09,0,355,1020,4.79, 830,6.66, 960,5.79, 923,6.40,49.5,62.0,22.5,62.0,40.8,63.0,35.7,63.6
2013, -869, 64.39,32.68,56.67,0,202, 989,4.90, 822,6.80, 921,5.90, 863,6.60,44.0,60.0,19.9,60.0,34.9,62.0,27.6,62.0
2022, -918,107.62,42.39,57.39,0,206,  NA,  NA, 772,6.93, 918,6.12, 964,4.12,  NA,  NA,16.3,59.0,35.2,59.0,42.4,58.0
2013, -941, 74.98,86.02,13.82,0,513,1108,3.77, 899,5.71, 989,4.81, 972,5.31,61.6,61.0,33.9,62.0,47.5,63.0,44.7,63.0
2011,  399, 62.02,17.60,80.67,0,284, 954,4.85, 876,5.60, 892,3.60,1012,3.72,40.1,59.7,31.5,61.0,40.2,57.0,50.1,56.0
2012, -388, 98.30,87.58,12.33,0,272, 822,6.70, 940,5.83, 882,6.51, 922,4.50,20.4,61.0,37.6,62.0,30.2,63.0,41.9,60.0
2006, -563, 62.74,24.47,72.48,0,254, 983,5.64, 775,5.02, 767,3.88, 927,3.88,43.7,61.0,16.8,56.0,25.0,58.0,40.7,58.0
2012,  599, 57.86,83.15,16.62,0,503, 969,5.80,1044,4.90,1028,5.40,1102,3.60,40.7,62.0,52.3,62.0,50.1,63.0,64.7,60.0
2015, -645, 79.16,86.36,12.91,0,440, 875,4.04,1056,3.08,1108,3.78, 908,5.68,33.4,57.0,58.3,60.0,60.4,60.2,33.8,61.0
2012,  391, 76.70,71.95,27.26,0,291, 835,6.45, 958,5.63, 887,6.35, 915,4.32,22.2,61.0,39.8,62.0,31.2,63.0,41.6,60.0
2005, -851, 40.71,15.04,74.93,0,301, 783,4.92, 787,3.82, 937,3.74, 795,4.82,18.6,56.0,27.7,58.0,42.7,58.0,27.3,60.0
2015,-1570, 80.98,70.43,29.51,0,389, 869,4.35,1206,3.25,1202,3.95, 991,6.03,33.4,59.0,74.3,62.0,70.3,62.0,43.4,62.3
2016, -623, 86.59,85.35,14.00,0,393,1025,5.77, 938,4.77,1236,3.73,1253,4.53,46.2,60.0,39.5,60.0,76.1,62.0,73.9,62.0
2019,-1241, 77.10,65.04,34.93,0,373,1053,3.30, 963,4.40,1178,4.50, 944,5.01,54.8,57.0,41.8,60.0,66.3,60.0,37.1,58.0
2010, -914, 75.72,78.23,21.65,0,504, 976,5.44,1072,3.54,1184,3.71, 888,4.04,44.9,63.0,61.8,60.0,71.3,59.0,34.8,59.0
2009,-1172, 73.82,63.79,36.21,0,334, 953,3.91,1146,4.09, 959,4.51,1046,5.40,49.4,61.0,67.0,61.0,41.8,60.0,53.4,63.0
2012,  551, 64.08,85.26,14.72,0,459, 918,6.17,1007,5.27, 990,5.72,1104,3.87,34.8,62.0,48.1,63.0,45.3,63.0,64.1,60.0
2010,-1384, 66.20,69.29,30.66,0,477, 992,5.60,1099,3.72,1221,3.90, 901,4.30,45.7,63.0,63.8,60.0,74.4,59.0,35.3,59.0
2016, -556, 86.02,78.05,21.33,0,474,1000,5.21, 911,4.34,1076,3.34,1117,4.14,44.4,59.0,37.4,59.0,60.8,61.0,61.7,62.0
2014, -624, 83.64,72.78,27.22,0,254, 928,3.78, 991,4.31, 858,6.18, 954,5.31,42.2,60.0,45.6,60.0,25.2,60.0,39.9,61.0
2021, 1131, 81.78,86.25,13.75,0,499, 950,5.43,1080,4.73,1156,2.73,1036,3.91,40.3,59.0,57.6,59.1,67.8,58.0,51.5,60.0
2013, -733, 68.85,73.53,26.28,0,492,1214,3.98, 974,5.90,1050,5.00,1036,5.46,71.5,61.3,41.2,62.0,52.8,62.3,50.9,63.0
2013, -735, 91.96,54.44,44.88,0,323,1010,5.10, 819,7.00, 950,6.10, 918,6.70,48.4,62.0,21.0,62.0,39.4,63.0,34.8,64.0
2012, -451,120.98,67.21,30.39,0,324, 840,6.39, 973,5.54, 895,6.32, 921,4.22,22.9,61.0,41.7,62.3,32.2,63.0,42.5,60.0
2018,-1019, 79.86,62.78,37.16,0,289, 899,4.37,1097,4.47, 910,5.00, 822,4.20,34.1,59.0,56.7,59.0,32.9,57.0,25.2,55.0
2009, -640, 55.06,18.78,78.72,0,299, 923,3.71,1048,3.89, 878,4.21,1013,5.21,43.5,58.0,54.1,57.0,30.7,57.0,47.9,60.0
2006, -792, 59.48,82.82,16.90,0,515,1126,5.10, 967,4.41, 991,3.30,1153,3.21,63.0,63.0,42.1,58.9,52.8,60.1,68.5,60.0
2018,-1315, 46.00,69.01,30.95,0,352, 894,4.04,1076,4.20, 912,4.74, 824,3.90,34.5,58.0,55.5,59.0,34.2,57.0,26.5,55.0
2016, -307, 65.84,80.91,19.10,0,513,1007,5.00, 914,4.16,1088,3.16,1132,3.94,45.9,59.0,38.4,59.0,62.6,61.0,63.8,62.0
2014, -777, 67.42,51.37,48.62,0,338, 980,3.10,1039,3.70, 893,5.60, 966,4.78,48.6,59.0,51.6,59.0,30.4,59.0,42.1,60.0
2010, -441, 59.42, 9.93,83.34,0,269, 880,5.92, 900,3.90,1005,4.04, 850,4.40,31.0,61.0,40.3,58.0,48.7,57.0,27.0,56.0
2021,  574, 91.64,51.25,47.76,1,406, 941,5.87,1058,5.19,1143,3.20,1014,4.39,38.1,59.0,54.1,59.0,65.4,58.0,48.0,60.0
2013, -705, 79.48,75.33,17.05,0,446,1253,3.82,1020,5.85,1060,4.94,1037,5.54,76.0,62.0,47.0,62.6,53.8,63.0,52.1,64.0
2013,  615, 65.51,49.05,49.53,0,381,1273,4.29,1023,6.30,1077,5.40,1052,5.95,76.7,62.0,45.8,62.8,54.1,63.0,52.1,64.0
2010,  669, 62.12,88.46,11.48,0,492,1064,5.48,1115,3.68,1315,3.81,1005,4.28,54.1,63.0,66.1,61.0,84.6,60.0,46.4,60.0
2008, -737, 90.00,66.97,32.52,0,340,1078,4.65, 846,4.95,1004,6.14, 815,5.45,56.6,59.0,26.9,59.0,46.5,62.8,21.6,58.3
2016, -706, 80.88,81.45,18.55,0,491,1005,5.10, 911,4.23,1089,3.20,1138,4.00,45.3,59.0,37.7,59.0,62.3,61.0,63.9,61.9
2011,  596, 66.56,64.18,35.39,0,360, 984,5.23, 906,5.99, 930,3.90,1014,4.00,43.8,62.0,34.5,63.0,44.2,59.4,50.5,58.0
2008,  372, 53.62,33.80,65.89,0,222, 972,4.09, 846,4.40, 984,5.48, 779,4.88,44.8,57.0,26.4,56.0,43.7,60.0,17.3,56.0
2019, -780, 80.66,77.90,22.09,0,291,1049,3.69, 961,4.88,1184,4.89, 939,5.48,52.5,58.0,40.0,60.0,65.5,61.0,34.9,58.0
2010,  621, 69.00,91.24, 8.55,0,449,1064,5.70,1081,3.90,1314,4.10,1031,4.59,54.3,64.0,63.2,62.0,84.6,62.0,49.4,61.0
2019,-1513, 77.34,46.98,53.01,0,388,1021,3.12, 946,4.29,1155,4.35, 939,4.90,51.8,57.0,40.2,60.0,64.2,60.0,37.0,58.0
2018, -464, 62.79,33.60,65.04,0,262, 900,4.70,1106,4.79, 908,5.30, 820,4.50,33.6,59.0,57.2,60.0,32.1,57.0,24.4,56.0
2010, -724, 75.49,82.37,17.42,0,478, 973,5.51,1066,3.61,1178,3.80, 885,4.17,44.1,63.0,60.7,60.0,70.3,59.0,34.0,59.0
2005, -676, 62.76,57.56,42.32,0,509, 897,4.47, 944,3.40,1070,3.30, 948,4.50,33.7,57.5,46.7,60.0,59.3,59.0,45.6,61.0
2015, -573, 82.14,81.44,18.56,0,427, 876,4.23,1228,3.12,1213,3.77,1000,5.87,35.0,59.0,77.3,62.0,72.4,63.0,45.3,63.0
2013, -867, 79.90,85.63,14.31,0,459,1132,3.50, 940,5.41, 997,4.59, 963,5.20,62.8,60.0,37.2,60.0,47.1,61.0,43.1,62.0
2013, -519, 71.32,65.41,34.36,0,339,1160,3.99, 967,6.08, 990,5.12, 942,5.85,65.8,62.0,40.6,62.0,45.4,62.0,41.3,64.1
2013, -846, 79.26,85.93,13.92,0,451,1165,3.40, 976,5.40,1008,4.50, 968,5.18,66.6,60.0,41.7,61.0,48.2,61.0,44.4,63.0
2007,-1570, 38.55,77.48,22.52,0,328, 833,4.87, 987,6.03, 801,5.36, 844,4.32,25.7,58.6,44.9,62.0,20.4,58.0,33.3,60.0
2007, -686, 78.32,81.24,18.55,0,356, 990,5.14,1083,5.97, 943,5.34, 987,4.24,42.4,60.0,55.2,63.0,36.0,58.0,48.8,60.0
2005, -991, 71.60,78.97,21.02,0,439, 920,4.55, 939,3.30,1079,3.30, 984,4.27,37.4,59.0,47.8,61.0,60.9,60.0,50.6,62.0
2013,-1759, 77.60,77.24,22.73,0,453,1222,3.70,1001,5.70,1036,4.80,1020,5.40,72.4,61.1,44.4,62.0,51.0,62.0,49.8,63.2
2015, -577, 81.72,87.77,12.05,0,396, 839,4.08,1153,3.02,1156,3.62, 972,5.72,29.7,57.0,68.5,61.0,65.6,61.0,41.4,61.4
2014, -548, 89.33,27.42,70.73,0,349,1194,3.31,1176,4.00, 978,6.10,1001,5.17,73.3,62.0,68.1,63.0,42.5,63.0,47.3,63.0
2010, -673, 54.13,27.91,72.02,0,231, 863,6.60, 880,4.50, 963,4.70, 838,4.99,27.5,63.0,37.0,60.0,42.9,58.0,24.3,58.0
2005, -668, 37.93,27.69,61.73,0,325, 791,4.70, 793,3.60, 948,3.50, 805,4.60,20.4,56.0,29.1,58.0,44.5,58.0,29.2,59.0
2010, -626, 75.64,88.97,11.02,0,420, 958,5.37, 977,3.41,1156,3.57, 957,3.98,43.1,63.0,52.2,60.0,68.2,59.0,41.8,59.0
2015, -730, 58.80,74.28,25.71,0,419, 870,4.29,1030,3.32,1072,4.02, 874,5.92,32.6,58.0,55.5,60.8,56.6,61.0,29.9,61.0
2006, -771, 71.70,74.11,25.21,1,468,1090,5.00, 920,4.40, 931,3.20,1083,3.10,58.9,63.0,36.9,58.0,46.5,60.0,60.9,59.0
2016,-1123, 82.90,88.24,11.48,0,461, 968,4.82, 873,3.95,1146,2.92,1179,3.60,41.6,58.0,33.3,57.0,67.7,60.0,67.7,60.8
2010, -926, 77.41,81.97,17.83,0,451,1035,5.50,1054,3.61,1252,3.80, 988,4.26,51.0,63.0,60.0,61.0,78.1,60.0,44.7,59.9
2006, -628, 72.90,61.07,38.80,0,440,1079,5.56, 918,4.86, 971,3.86,1097,3.71,56.2,62.0,34.7,58.0,48.4,60.0,61.1,59.0
2019, -796, 79.68,73.34,26.66,0,397, 982,2.80, 920,3.93,1112,4.07, 932,4.60,48.4,57.0,37.8,59.0,59.9,59.0,36.9,57.0
2017, -485, 48.14,28.97,70.50,0,256,1156,4.94, 926,5.50, 829,4.70, 954,3.82,62.1,60.0,33.2,57.6,24.9,56.8,44.7,59.3
2015, -487, 84.08,83.88,15.92,0,371, 955,5.11,1221,4.04,1248,4.91, 979,6.90,40.4,60.0,73.7,62.0,72.3,62.0,39.0,62.0
2009,  932, 85.24,55.29,33.38,1,284, 988,4.70,1073,4.86, 832,5.16, 987,6.30,48.8,60.0,55.2,59.0,24.6,59.0,43.8,62.0
2019, -734, 99.68,64.87,34.47,0,224, 915,3.82, 875,4.90,1087,5.00, 898,5.52,38.5,58.0,31.0,60.0,55.2,61.0,31.2,58.0
2012, -745, 74.44,82.77,17.12,0,484, 951,5.40,1005,4.50, 972,5.10, 993,3.20,39.0,61.0,48.4,61.9,44.7,62.0,53.9,59.0
2014, 1715, 79.36,82.17,17.64,0,472,1048,2.96,1097,3.66, 900,5.57, 987,4.68,57.9,60.0,59.8,60.7,33.5,61.0,46.6,62.0
2016, -764, 83.44,83.66,16.15,0,481,1002,5.25, 917,4.39,1090,3.35,1139,4.15,44.6,59.0,38.2,59.0,62.3,61.0,63.9,62.0
2018, -638, 66.44,53.50,46.50,0,304, 878,4.24,1068,4.39, 899,4.91, 815,4.09,32.0,58.0,53.8,58.6,32.1,56.6,24.7,55.0
2008, -627, 59.44,53.61,45.16,0,335,1064,4.30, 832,4.63, 984,5.73, 798,5.10,56.3,58.7,26.4,58.0,45.3,62.0,20.9,57.0
2009,  535, 73.30,79.14,20.85,0,422,1095,4.07,1324,4.27,1025,4.76,1101,5.57,63.6,62.0,84.7,61.0,47.7,61.0,58.7,63.0
2019,-2271, 85.32,76.49,23.36,0,384,1194,3.84,1096,5.00,1347,5.00, 995,5.54,68.4,59.0,55.0,62.0,83.2,63.0,41.6,60.0
2007, -438, 62.84,72.90,27.09,0,330, 884,3.90,1019,4.90, 818,4.30, 809,3.09,31.9,56.0,49.0,60.0,23.2,55.0,31.4,57.0
2010,  584,109.00,78.17,21.77,0,331, 898,6.20, 923,4.12,1006,4.24, 860,4.54,32.9,63.0,43.0,60.0,49.0,58.0,28.2,58.0
2013,-1696, 82.54,85.54,14.41,0,484,1120,3.80, 912,5.70, 992,4.80, 971,5.35,62.3,61.0,34.8,61.9,47.3,62.0,44.2,63.0
2012, -823, 53.12,63.88,29.08,0,354, 881,6.07, 956,5.23, 933,5.77, 983,3.84,29.5,61.0,41.6,61.9,38.2,62.0,50.5,59.0
2004,-1172, 56.28,27.60,68.90,0,386, 817,3.20, 977,3.19, 838,4.20, 861,5.00,32.5,58.0,48.2,58.0,33.4,59.0,31.3,59.0
2015, -538, 58.02,59.58,40.41,0,345, 834,4.16, 994,3.26,1051,3.90, 884,5.80,27.2,56.0,50.3,59.0,52.9,59.3,29.4,60.0
2006,-2123, 75.58,83.55,16.39,0,386,1076,5.34, 906,4.71, 928,3.45,1058,3.45,57.5,63.9,35.5,59.0,46.3,61.0,58.4,60.5
2007,  338, 51.30,68.63,31.05,0,338, 857,4.46,1002,5.59, 788,4.93, 789,3.80,28.3,58.0,46.6,61.1,19.2,57.0,27.9,59.0
2012,  445, 67.97,68.34,31.58,0,435,1007,6.20,1085,5.29,1057,5.78,1098,3.99,43.9,62.0,55.2,63.0,52.5,63.3,63.7,61.0
2010,-1666, 78.72,78.32,21.53,0,480, 994,5.20,1008,3.30,1188,3.47, 965,3.89,47.4,63.0,55.9,60.0,72.1,59.0,43.1,59.0
2018,  364, 85.37,78.98,20.99,0,483,1141,4.51,1330,4.54,1003,5.11, 909,4.29,62.2,62.0,84.2,62.0,44.9,59.0,37.4,59.0
2015, -729, 72.82,84.75,15.20,0,423, 918,4.76,1107,3.69,1153,4.54, 929,6.46,37.4,59.0,63.2,62.0,64.3,62.0,35.2,62.0
2013, -529, 62.24,33.75,65.66,0,275,1013,4.50, 843,6.32, 943,5.50, 882,6.20,47.6,60.0,23.3,60.0,38.5,61.7,30.9,62.0
2008,-1330, 74.20,49.91,49.28,0,276, 993,4.11, 848,4.45, 989,5.55, 782,4.91,47.6,57.0,26.8,57.0,44.6,60.0,17.9,56.0
2013, -781, 77.76,79.14,20.85,0,453,1159,3.34, 973,5.34,1003,4.47, 962,5.14,66.0,60.0,41.5,60.9,47.7,61.0,43.8,63.0
2021,-1015, 80.02,40.56,59.42,0,365, 800,5.60, 925,4.77, 951,2.94, 894,4.01,22.6,57.3,40.4,57.9,45.0,57.0,34.9,59.0
2013,  697, 74.70,59.61,40.05,0,432,1117,3.75, 918,5.69, 986,4.84, 960,5.39,61.1,60.0,34.6,61.0,45.7,61.9,42.2,62.0
2018, 1668, 64.34,64.02,35.69,0,322,1135,5.48,1348,5.48, 970,6.08, 882,5.28,58.7,62.0,83.1,63.0,38.2,60.0,31.2,59.0
2008,-1449, 74.46,57.99,40.28,0,444,1136,3.60, 895,3.98,1046,5.00, 853,4.32,65.5,58.0,34.6,58.0,53.5,61.0,28.7,57.0
2019,-1061, 75.06,55.39,44.61,0,409,1041,2.90, 955,4.05,1159,4.12, 948,4.70,54.5,57.0,41.7,59.0,65.1,60.0,38.6,57.0
2020,  834, 50.45,24.37,73.35,0,253, 930,5.50, 975,3.57, 904,4.70,1099,4.80,37.7,58.0,45.0,57.0,33.7,59.0,56.1,59.0
2017, -661, 75.38,79.16,20.84,0,395,1354,5.00, 992,5.58, 894,4.80,1027,3.86,84.7,62.4,41.7,59.2,33.7,59.0,54.2,61.0
2009,  536, 72.64,77.87,22.06,0,373, 934,3.82,1018,4.00, 869,4.30,1017,5.40,44.9,59.9,51.2,58.0,30.1,58.0,48.7,62.0
2005, -956, 68.24,83.51,16.43,0,480, 861,4.48, 907,3.42,1028,3.30, 901,4.51,30.1,57.2,42.8,59.7,54.8,59.0,40.8,61.0
2015, -510, 76.12,60.89,36.95,0,377, 942,5.06,1189,3.99,1223,4.82, 969,6.79,39.3,60.0,70.8,62.0,70.2,62.0,38.3,62.0
2021,  970, 80.56,68.24,31.43,0,284, 759,6.00, 898,5.12, 922,3.25, 877,4.35,16.8,57.0,35.6,57.0,40.4,56.0,31.8,58.0
2021, 1013, 90.35,81.23,18.77,0,461,1055,5.99,1171,5.39,1257,3.30,1107,4.49,50.8,61.0,65.9,61.0,77.8,59.0,58.4,61.3
2012,  331, 68.28,60.06,37.92,0,372, 861,6.00, 983,5.20, 906,5.90, 929,3.85,26.5,61.0,44.0,62.0,34.8,63.0,44.4,60.0
2011, -502, 63.90,69.62,30.37,0,374, 973,4.63, 918,5.33, 938,3.33,1073,3.49,43.3,60.0,37.4,61.7,46.4,58.0,57.9,57.0
2010,  473, 65.90,24.67,73.16,0,282, 875,5.61, 890,3.60,1010,3.75, 868,4.10,31.3,61.0,39.9,57.0,49.8,56.0,29.6,56.0
2006,-1839, 36.24,33.48,65.11,1,183, 974,5.80, 768,5.20, 759,4.00, 917,4.01,41.8,60.0,15.3,56.0,23.3,58.0,38.8,58.0
2008, -645, 66.40,49.57,50.07,0,390,1129,3.62, 933,4.03,1051,4.97, 864,4.37,64.5,58.0,38.3,58.0,53.5,61.0,29.5,57.0
2018, 1611, 83.26,81.27,18.60,0,482,1152,4.60,1344,4.60,1004,5.20, 913,4.32,63.2,62.0,85.6,62.0,44.9,59.0,37.7,59.0
2013, -703, 65.04,51.52,44.59,0,283,1072,4.03, 903,6.00, 951,5.11, 903,5.80,54.0,59.0,30.5,59.0,39.3,60.0,33.9,61.0
2017, 1992, 15.83,67.01,32.14,0,321,1338,5.42, 967,6.01, 881,5.21,1007,4.30,82.1,63.0,37.9,60.0,31.2,59.0,51.2,61.8
2010,  808, 83.80,94.06, 4.87,0,287, 887,6.47, 913,4.39, 995,4.51, 848,4.81,30.7,63.0,41.1,60.0,47.0,58.2,26.0,58.0
2016, -906, 77.76,80.50,19.50,0,486,1000,5.22, 917,4.34,1089,3.32,1138,4.14,44.6,59.4,38.3,59.0,62.3,61.0,63.9,62.0
2011,  620, 59.00,31.86,66.38,0,314, 961,4.92, 904,5.62, 923,3.62,1049,3.76,41.2,60.0,34.8,61.0,43.9,58.0,54.5,57.0
2014, 1891, 76.80,80.90,18.84,0,529,1275,2.99,1289,3.77,1033,5.77,1101,4.80,82.1,62.0,79.9,62.0,48.4,62.9,58.5,63.0
2017,-1048, 29.28,60.52,39.48,0,341,1097,4.90, 937,5.50, 845,4.57,1200,3.40,60.4,63.0,39.3,61.0,31.1,59.0,74.1,63.0
2013, -499, 75.62,82.28,17.63,0,505,1098,3.79, 892,5.70, 992,4.80, 966,5.37,60.4,61.0,32.9,62.0,47.7,63.0,43.8,63.0
2017, -410, 79.66,91.36, 8.35,0,521,1285,4.35,1003,4.93, 910,4.10,1102,3.10,80.0,62.0,45.4,59.0,37.9,59.0,63.9,61.0
2013, -349,104.86,56.33,43.55,0,293, 987,4.61, 836,6.44, 956,5.62, 870,6.39,44.9,61.0,22.2,60.0,39.5,62.0,29.3,63.0
2019, -799, 85.70,53.15,46.84,0,311,1010,3.38, 934,4.53,1142,4.60, 927,5.15,49.4,57.0,37.8,59.3,61.6,59.8,34.5,57.1
2017, -845, 37.60,17.62,74.05,0,280,1111,4.70, 909,5.25, 818,4.42, 973,3.52,57.8,59.0,32.1,57.0,24.2,56.0,47.0,59.0
2019, -873, 28.42,41.88,57.88,0,389, 981,2.90, 911,3.93,1089,4.13, 925,4.70,48.7,57.0,37.2,59.0,57.7,59.0,36.4,57.0
2013, -777, 82.24,87.53,12.48,0,478,1172,3.31, 982,5.31,1014,4.41, 974,5.08,67.7,60.0,42.8,61.0,49.2,61.0,45.5,63.0
2013, -818, 80.30,90.35, 9.38,1,468,1194,3.55, 993,5.56,1020,4.66, 988,5.30,69.8,61.0,43.7,61.5,49.6,62.0,46.7,63.4
2006,-1833, 72.28,85.40,14.30,0,432,1104,5.50, 958,4.86, 989,3.76,1144,3.66,59.2,63.0,39.5,59.0,50.9,61.0,66.3,60.0
2013, -679, 84.50,81.01,18.71,0,449,1202,3.62, 996,5.67,1025,4.77, 996,5.37,70.5,61.2,44.0,62.0,49.9,62.0,47.4,63.9
2017, -740, 69.56,80.98,18.78,0,382,1268,5.32,1021,5.92, 935,4.93,1195,3.87,76.9,63.0,45.2,60.0,38.8,60.0,71.7,62.0
2010, 1623, 60.36,64.10,35.31,0,316, 883,5.57, 899,3.57,1014,3.70, 870,4.00,32.5,61.0,41.3,58.0,50.7,56.7,30.2,56.0
2014, -787, 73.90,89.80,10.20,0,381,1218,3.26,1192,3.90, 984,6.03,1012,5.10,76.1,62.1,70.0,63.0,43.5,63.0,48.6,63.0
2012, -395, 95.65,83.85,16.15,0,260, 856,6.20, 958,5.40, 861,6.20, 877,4.10,25.1,60.0,40.3,61.0,29.1,63.0,38.0,59.0
2006, -739, 68.52,85.56,14.18,1,488,1092,5.05, 926,4.40, 954,3.30,1102,3.20,58.6,62.0,36.6,57.0,47.7,59.0,62.3,59.0
2012, -849, 65.45,70.71,25.85,0,401, 842,6.30, 976,5.46, 925,6.10, 976,4.10,24.7,62.0,43.5,63.0,36.9,64.0,49.5,61.0
2012,  687, 80.72,86.65,13.34,0,393, 981,5.86,1004,4.93, 953,5.66, 983,3.72,43.4,62.9,48.1,63.0,43.7,65.0,54.0,62.0
2009,-1361, 75.90,83.51,16.03,0,424,1102,3.96,1288,4.13, 971,4.56,1094,5.46,63.6,60.5,80.5,60.0,41.6,59.1,57.7,62.0
2019,  367,121.90,88.67,11.24,0,287,1053,4.00, 977,5.20,1225,5.20, 954,5.70,51.9,58.0,41.0,61.0,69.1,62.0,35.8,59.0
2009, -344, 39.90,45.23,54.25,0,352, 967,3.90,1073,4.01, 847,4.40, 995,5.42,48.9,59.0,57.8,58.0,28.4,58.0,47.0,61.0
2009,  430, 55.00,30.89,68.33,0,294, 896,3.51,1020,3.70, 874,4.01,1009,5.01,40.8,57.0,51.1,56.0,30.4,56.0,47.4,59.0
2011,  439, 75.30,73.01,26.96,0,442,1008,5.04, 992,5.54,1056,3.65,1199,3.84,48.0,62.0,45.7,62.6,59.2,60.0,71.9,59.0
2014,  691, 76.26,76.61,23.37,0,237, 950,4.45, 983,5.05, 819,6.85, 947,6.05,43.1,61.0,43.4,61.0,19.0,61.0,37.2,63.0
2016, -503, 75.86,61.07,38.42,0,343, 922,4.97, 831,4.07,1046,3.11,1094,3.77,34.9,57.0,26.8,56.0,55.7,59.0,57.2,59.0
2021, 1085, 78.68,45.73,54.27,1,393, 865,5.70, 992,4.91,1052,3.00, 956,4.17,29.7,58.0,47.1,58.0,55.6,57.0,41.6,59.0
2020,-1686, 72.62,36.13,62.30,0,431,1013,4.80,1088,2.90, 974,4.10,1160,4.20,50.3,59.0,60.2,58.0,44.4,60.0,65.9,60.0
2005, -684, 50.55,59.47,39.86,0,334, 787,4.96, 788,3.83, 947,3.80, 789,4.81,19.0,57.0,27.7,59.0,43.6,59.0,26.8,60.0
2016,  323, 78.58,79.48,19.91,0,466, 997,5.33, 912,4.50,1060,3.51,1091,4.30,43.7,60.0,37.1,59.0,58.9,61.0,59.0,62.0
2014, -870, 83.54,85.54,14.41,0,484,1070,3.03,1120,3.80, 912,5.70, 992,4.80,60.4,61.0,62.3,61.0,34.8,61.9,47.3,62.0
2016, -694, 80.12,90.79, 9.22,0,445,1003,5.53, 922,4.63,1114,3.59,1160,4.40,44.2,60.0,38.3,59.2,64.3,62.0,65.4,62.0
2019,-1870, 42.10,46.14,52.34,0,292, 926,3.20, 879,4.30,1067,4.40, 899,4.90,40.9,56.0,32.0,58.0,53.5,58.0,31.8,56.0
2013, -568, 71.56,37.31,60.54,0,293,1026,3.83, 885,5.70, 957,4.89, 875,5.65,49.8,59.0,29.0,59.0,40.6,60.0,31.5,61.0
2013,-1060, 77.36,81.83,18.09,0,492,1103,3.83, 895,5.77, 986,4.88, 969,5.38,60.8,61.0,33.2,62.0,46.9,62.3,44.0,63.0
2013, -674, 75.19,80.54,19.45,0,408,1213,3.84, 999,5.97,1029,5.03, 986,5.72,72.6,63.0,45.6,63.0,50.9,63.0,47.5,65.0
2013,-1165, 54.94,91.79, 8.09,0,447,1066,4.40, 863,6.33, 985,5.40, 954,5.95,56.3,62.0,28.5,62.0,45.6,63.0,41.2,63.0
2011,  553, 14.58,65.15,34.76,0,318, 948,6.10, 917,6.70,1012,4.73,1100,4.90,39.2,63.0,34.6,64.0,51.8,61.0,58.7,60.0
2010,  559, 65.24,69.22,30.66,0,403, 923,5.27, 944,3.29,1100,3.40, 926,3.80,38.9,62.0,48.2,59.0,61.8,58.0,38.1,57.8
2013, -769, 81.44,76.56,23.16,0,446,1201,3.63, 994,5.66,1023,4.75, 991,5.39,70.6,61.7,44.0,62.0,49.9,62.0,47.1,64.0
2007,-1135, 51.62,76.80,22.86,0,407, 856,4.44,1013,5.58, 824,4.89, 867,3.85,29.7,58.6,49.3,62.0,24.6,58.0,37.3,59.9
2010, 1166, 92.66,11.64,77.58,0,226, 869,6.41, 894,4.40, 981,4.50, 829,4.83,28.7,62.0,38.7,59.0,45.2,58.0,23.6,57.0
2013,-1061, 80.38,60.40,39.27,1,438,1143,3.83, 936,5.74, 998,4.88, 978,5.43,63.7,60.4,36.6,61.0,47.0,62.0,44.3,62.0
2017, -453, 72.76,23.66,74.85,0,245,1092,4.81, 899,5.36, 810,4.53, 964,3.63,55.3,59.0,30.5,57.0,22.9,55.4,45.6,59.0
2019, -164, 79.26,92.84, 6.06,0,490,1273,3.30,1104,4.45,1257,4.54,1021,5.11,80.1,60.0,58.7,62.0,77.2,62.0,47.1,60.0
2005,-2622, 29.12,31.21,60.62,0,309, 821,4.50, 816,3.30, 963,3.30, 849,4.20,23.3,55.9,31.6,57.0,45.7,57.0,33.6,58.0
2018, -575, 83.55,71.44,28.49,0,446, 923,3.80,1103,4.00, 939,4.52, 846,3.68,39.5,59.0,60.2,60.0,38.8,58.0,30.5,56.0
2016, -431, 76.94,69.88,30.12,0,440, 971,4.72, 872,3.92,1010,3.02,1062,3.64,41.2,58.0,32.7,57.0,53.3,60.0,55.7,60.0
2018, -446, 68.79,28.24,61.11,0,245, 910,4.86,1117,4.91, 908,5.50, 817,4.69,34.2,60.0,58.0,60.0,31.5,57.0,23.6,56.0
2006, -624, 78.57,83.30,16.58,0,436,1102,5.47, 956,4.84, 988,3.73,1142,3.61,58.9,63.0,39.1,58.0,50.7,60.0,65.9,60.0
2007, -595, 71.52,85.01,14.87,0,464, 940,4.46,1084,5.41, 922,4.74, 974,3.69,39.0,59.0,57.3,62.0,35.6,58.0,49.1,60.0
2016, -704, 85.70,82.16,17.83,0,474, 997,5.30, 915,4.41,1087,3.40,1136,4.20,44.1,60.0,37.9,59.0,62.0,61.0,63.5,62.0
2009, -525, 23.92,37.64,61.34,0,348, 965,3.91,1071,4.02, 846,4.42, 994,5.46,48.7,59.0,57.5,58.0,28.2,58.0,46.8,61.0
2017,  638, 80.48,61.75,37.15,1,276,1184,4.94, 939,5.50, 840,4.70, 957,3.84,65.1,60.5,34.6,58.0,26.0,57.0,45.1,60.0
2020, -991, 80.72,61.77,38.22,0,419, 949,4.60, 985,2.76, 919,3.90,1107,4.00,43.5,58.0,49.2,57.0,38.2,59.0,59.9,59.0
2022,-1480, 80.18,41.04,56.59,0,244,  NA,  NA, 743,6.20, 883,5.34, 906,3.48,  NA,  NA,14.5,57.0,33.2,57.0,38.0,56.6
2012,  906, 75.20,87.33,12.50,0,431, 986,5.72,1010,4.81, 958,5.51, 990,3.59,44.5,63.0,49.1,63.0,44.8,65.0,55.4,63.0
2010, -909, 79.78,89.00,10.92,0,509,1006,5.45,1101,3.60,1236,3.75, 919,4.15,47.9,63.0,64.6,60.0,76.6,59.0,37.8,59.0
2016, -869, 71.96,62.10,37.76,0,413, 928,4.60, 837,3.74,1042,2.80,1096,3.43,36.8,57.0,28.8,56.0,56.2,59.0,58.5,59.0
2012, 1143, 76.96,98.04, 1.77,0,518,1031,5.80,1098,4.88,1074,5.38,1106,3.58,48.0,62.2,58.1,63.0,56.0,64.0,66.1,61.0
2016,  815, 72.80,40.83,59.03,0,376, 917,4.70, 829,3.81,1031,2.90,1084,3.50,35.2,57.0,27.3,55.0,54.7,59.0,56.9,59.0
2007,  859, 68.96,73.33,26.31,0,354, 846,4.39, 996,5.49, 802,4.84, 828,3.74,28.1,58.0,47.0,61.0,21.8,57.0,32.8,59.0
2016, -612, 80.66,87.42,12.58,0,399,1035,5.97, 951,4.97,1228,3.90,1247,4.70,46.8,61.0,40.6,60.0,75.1,62.0,72.8,62.0
2009, -771, 90.56,69.82,28.56,0,167, 856,4.48, 945,4.62, 832,4.90, 972,6.02,34.7,59.0,41.4,58.0,24.2,58.0,41.6,61.0
2009, -711, 62.44,35.38,64.50,0,317, 906,3.66,1011,3.78, 864,4.14,1004,5.17,41.8,58.0,50.2,57.0,29.4,57.0,47.1,60.0
2010, -866, 40.61,19.17,80.42,0,271, 881,5.88, 900,3.81,1010,3.98, 856,4.31,31.4,61.0,40.5,58.0,49.4,57.0,27.7,56.0
2010, -845, 13.54,55.31,44.68,0,411, 929,5.20, 950,3.20,1104,3.40, 928,3.73,39.5,62.0,48.8,59.0,62.3,58.0,38.3,57.0
2013, -542, 58.38,78.65,21.35,0,468,1106,4.20, 894,6.14, 996,5.21, 974,5.70,60.6,62.0,32.3,62.0,47.2,63.0,43.7,63.0
2009,  446, 69.04,19.55,78.44,0,262, 894,4.00, 991,4.13, 847,4.47, 986,5.55,39.6,58.0,47.2,57.0,26.6,57.0,44.1,60.0
2013, -406, 58.66,49.91,50.00,0,398,1077,3.60, 907,5.50, 976,4.70, 921,5.34,56.2,59.0,32.7,60.0,43.9,61.0,37.6,62.0
2005, -672, 62.31,72.17,27.84,0,355, 796,4.61, 795,3.50, 953,3.42, 808,4.50,20.9,56.0,29.3,58.0,45.0,58.0,29.5,59.0
2019, -639, 71.93,58.31,33.97,0,188,1086,4.70,1000,5.82,1235,5.80, 932,6.40,53.7,59.0,41.7,62.0,68.6,62.0,31.3,59.0
2018, -799, 65.48,70.34,29.66,0,315, 928,4.50,1140,4.59, 926,5.10, 832,4.30,37.1,59.0,61.3,60.0,34.4,57.0,26.3,56.0
2015, -794, 81.46,74.73,25.22,0,454, 906,4.53,1058,3.53,1092,4.32, 884,6.23,36.5,59.0,58.6,61.0,59.0,62.0,31.1,62.0
2014, -896, 26.49,62.22,37.09,0,403,1077,2.80,1115,3.40, 948,5.40, 985,4.50,60.0,59.0,60.7,60.0,37.9,60.0,45.0,60.0
2010,-1007, 75.02,78.69,21.32,1,483, 970,5.47,1059,3.55,1166,3.71, 885,4.08,43.9,63.0,60.2,60.0,69.2,59.0,34.3,59.0
2016, -531, 76.38,79.86,20.14,0,414, 972,5.27, 878,4.47,1017,3.49,1051,4.18,40.7,59.0,32.9,58.0,53.9,61.0,54.3,61.0
2013, -431, 68.23,48.81,51.03,0,343,1073,3.60, 918,5.51, 966,4.69, 898,5.40,55.3,59.0,33.5,59.0,42.1,60.0,35.0,61.0
2015, -475, 80.56,82.11,17.68,0,434, 862,4.05,1178,2.95,1186,3.63, 986,5.65,32.7,58.0,71.4,61.0,69.0,61.0,43.2,62.0
2012, -494, 62.36,66.04,33.93,0,304, 851,6.18, 953,5.30, 888,6.00, 912,4.00,24.8,60.0,40.1,61.0,32.1,62.0,41.9,59.0
2013, -762, 77.62,83.53,16.47,0,369,1152,3.79, 966,5.83, 987,4.93, 942,5.64,64.8,61.0,40.3,61.4,45.3,62.0,41.2,64.0
2010, -888, 68.85,61.57,38.14,0,429, 968,5.70,1062,3.80,1173,3.99, 879,4.39,42.6,63.0,59.5,60.0,68.9,59.0,32.5,58.1
2011,  505, 81.15,76.15,23.85,0,489, 995,5.00, 984,5.50,1087,3.61,1203,3.80,47.6,63.0,45.3,63.0,62.9,60.0,72.9,59.0
2017,-1058, 63.24,68.76,31.22,0,430,1114,3.94, 933,4.50, 843,3.64,1036,2.70,60.8,59.0,37.6,57.0,29.7,56.0,55.9,59.0
2015, -719, 76.90,76.53,23.28,1,496, 920,4.10,1166,3.07,1206,3.84, 975,5.80,38.8,59.0,70.2,61.0,70.8,61.0,41.4,62.0
2010, -998, 73.78,83.77,16.16,0,437, 962,5.57,1032,3.67,1152,3.80, 885,4.20,42.5,62.7,56.8,60.0,67.2,59.0,33.6,58.0
2009,  515, 66.02,82.33,17.57,0,302, 998,4.65,1084,4.85, 838,5.15, 995,6.35,50.1,60.0,56.5,59.0,25.4,59.0,44.8,62.0
2011,  560, 60.02,51.40,48.59,0,367, 969,5.00, 904,5.70, 927,3.70,1020,3.80,42.9,61.0,35.1,62.0,44.6,59.0,52.0,58.0
2015, -527, 79.34,76.32,23.56,0,367, 955,5.15,1221,4.09,1248,4.90, 979,6.90,40.3,60.0,73.7,62.0,72.3,62.0,38.9,62.0
2016, -608, 77.28,86.14,13.83,0,500,1015,5.11, 921,4.21,1116,3.21,1165,4.01,46.6,59.0,39.1,59.0,65.4,61.0,66.8,62.0
2007, -675, 55.24,77.84,21.92,0,441, 865,4.23,1025,5.37, 830,4.73, 874,3.63,31.4,58.0,51.2,62.0,26.1,58.0,38.7,60.0
2019,-1491, 77.98,52.29,47.69,0,401,1025,3.11, 949,4.24,1159,4.31, 942,4.84,52.3,57.6,40.7,60.0,64.8,60.0,37.6,58.0
2019, -883,108.71,56.16,21.02,0,349,1232,4.17,1126,5.30,1368,5.29, 995,5.88,71.9,60.0,57.6,62.0,85.0,63.0,40.9,60.0
2016, -669, 83.80,84.93,15.05,0,484,1003,5.21, 919,4.38,1091,3.31,1140,4.13,44.8,59.0,38.4,59.0,62.4,61.0,64.0,62.0
2021,  680, 69.10,72.35,27.46,0,434,1091,6.22,1206,5.70,1285,3.60,1138,4.80,54.0,61.0,68.6,61.0,80.1,59.0,61.2,62.0
2016, -726, 59.71,68.54,31.20,0,328, 985,6.09, 891,5.30,1018,4.39,1013,5.03,39.5,60.0,31.9,59.7,52.1,62.0,48.7,62.0
2019, -733, 82.84,85.48,14.17,0,471,1279,3.42,1090,4.53,1245,4.65,1033,5.26,81.3,61.0,58.0,63.0,76.5,63.0,49.1,60.2
2013,-1695, 80.34,75.41,24.52,1,463,1144,3.80, 934,5.70,1002,4.85, 984,5.40,64.3,61.0,36.8,61.0,47.8,62.0,45.2,62.0
2009,  863, 80.98,61.65,37.65,0,291, 963,4.51,1047,4.68, 829,4.98, 980,6.12,46.6,60.0,52.9,59.0,24.5,58.0,43.3,62.0
2013, -701, 71.84,83.97,15.69,0,497,1089,3.81, 884,5.72, 991,4.84, 966,5.40,59.4,61.0,31.8,62.0,47.4,63.0,43.7,63.0
2010, -489, 63.14,43.23,56.62,0,367, 909,5.70, 933,3.66,1031,3.80, 866,4.10,35.6,62.0,45.2,59.0,53.1,57.0,30.1,57.0
2013, -697, 80.48,76.99,23.00,0,375,1176,3.89, 978,5.99,1003,5.06, 959,5.76,68.0,62.2,42.5,62.6,47.5,62.9,43.7,65.0
2014,  844,101.04,35.84,63.44,0,185, 912,4.40, 959,4.96, 824,6.77, 944,5.97,39.2,61.0,40.9,61.0,19.8,60.0,37.1,62.0
2013, -368, 53.47,23.56,75.50,0,249,1004,4.24, 861,6.09, 952,5.26, 867,6.01,46.8,59.0,25.5,59.0,39.5,61.0,29.6,62.0
2011,  580, 68.94,66.13,33.81,0,425, 968,5.26, 953,5.80,1048,3.90,1148,4.04,43.8,63.0,41.0,63.0,58.0,60.0,66.3,59.0
2016, -560, 81.76,66.79,33.05,0,443, 981,5.05, 886,4.25,1032,3.35,1068,4.05,42.1,59.0,34.3,58.0,55.9,61.0,56.5,61.0
2014, 1796, 78.90,94.66, 5.25,0,527,1273,3.00,1290,3.75,1034,5.75,1100,4.85,82.0,62.0,80.0,62.0,48.6,62.5,58.4,63.0
2015, -718, 79.71,70.27,29.61,0,446, 899,4.30,1109,3.28,1156,4.03, 936,5.98,36.0,58.0,63.8,61.0,65.1,61.0,36.6,62.0
2008,-1206, 72.98,83.05,16.66,0,473,1304,3.96, 988,4.44,1103,5.32, 950,4.66,83.0,60.0,44.1,60.0,59.4,63.0,38.8,58.0
2004, 1855, 20.62,20.32,69.20,0,202, 757,4.31, 920,4.30, 766,5.30, 784,6.08,22.5,59.0,38.7,59.0,22.2,60.0,19.3,60.0
2010, -686, 96.00,24.61,75.25,0,244, 862,6.26, 878,4.22, 967,4.35, 844,4.65,28.6,63.0,37.6,59.0,44.2,58.0,26.0,57.0
2018, -621, 77.70,72.14,27.51,0,464,1051,4.30,1267,4.31, 977,4.90, 880,4.10,52.4,61.0,77.3,62.0,42.0,59.0,33.8,58.0
2010,-1558, 64.20,79.32,20.47,0,456, 983,5.77,1107,3.94,1238,4.12, 899,4.52,44.5,63.0,64.3,60.5,75.8,60.0,34.7,59.0
2010,-1649, 70.22,72.46,27.25,1,436, 953,5.19, 974,3.21,1141,3.39, 948,3.79,42.6,63.0,51.8,59.0,66.7,58.1,40.8,58.0
2010,-1190, 56.60,83.81,16.19,0,508, 989,5.50,1093,3.60,1209,3.74, 897,4.10,46.1,63.0,63.8,60.0,73.9,59.0,35.6,59.0
2013, -608, 81.68,92.08, 7.87,0,426,1281,4.23,1021,6.27,1091,5.33,1061,5.84,78.0,62.8,46.1,63.0,56.2,63.0,53.6,64.0
2010,  612, 77.20,89.70,10.15,0,449,1065,5.72,1083,3.92,1316,4.12,1032,4.61,54.4,64.0,63.5,62.0,84.9,62.0,49.5,61.0
2013, -581, 72.40,80.41,19.45,0,419,1062,4.22, 860,6.17, 964,5.27, 942,5.82,55.6,61.0,28.1,62.0,43.3,63.0,39.9,63.0
2016, -647, 80.16,63.83,35.37,0,408, 959,5.20, 867,4.25,1200,3.15,1198,3.81,41.2,60.0,33.3,58.0,73.7,62.0,70.0,62.0
2010,  718, 90.82,67.59,31.49,0,247, 875,6.56, 903,4.51, 985,4.64, 834,4.96,29.0,63.0,39.6,59.1,45.5,58.0,24.0,58.0
2013, -417, 74.22,64.84,35.08,0,451,1079,4.00, 877,5.90, 974,5.00, 951,5.55,57.8,61.0,30.6,61.1,45.0,62.0,41.5,63.0
2019,-2393, 17.00,28.20,67.82,0,283, 921,3.20, 875,4.30,1063,4.40, 896,5.00,40.2,56.0,31.5,58.0,53.0,58.0,31.4,56.0
2008, -413, 70.64,70.16,29.54,0,420,1075,3.83, 859,4.15,1012,5.25, 815,4.63,58.6,58.0,30.5,58.0,49.6,61.7,24.1,57.0
2015, -492, 70.18,75.40,24.01,0,426, 882,4.32,1029,3.40,1065,4.10, 864,6.00,33.7,58.0,55.4,61.0,55.9,61.0,28.8,61.0
2005,-1803, 31.86,38.15,60.52,0,316, 808,4.40, 795,3.10, 949,3.20, 828,4.06,21.9,55.0,29.7,57.0,44.1,57.0,31.7,58.0
2017, -826, 83.16,60.20,39.75,0,338,1168,4.57, 939,5.12, 840,4.29, 991,3.39,64.8,60.0,36.1,57.0,27.6,57.0,49.8,59.3
2007,  562, 56.83,63.28,36.71,0,391, 917,3.80,1044,4.73, 848,4.13, 844,2.90,36.8,57.0,52.9,60.0,27.9,56.0,36.5,58.0
2013, -471, 74.92,74.53,25.47,1,375,1181,3.91, 980,5.99,1006,5.09, 967,5.77,68.2,62.0,42.2,62.0,47.5,62.6,44.2,64.3
2012,-1045, 78.70,90.44, 9.25,0,527, 945,5.81,1028,4.91,1016,5.40,1115,3.54,38.7,62.0,51.4,63.0,49.3,63.0,66.4,60.3
2010,-1034,108.70,79.14,20.80,0,361, 920,6.27,1000,4.29,1085,4.44, 843,4.77,35.9,63.0,51.5,60.0,58.1,59.0,27.3,59.0
2013, -613, 66.49,88.78,10.95,0,441,1227,3.80,1005,5.82,1040,4.90,1021,5.50,72.9,62.0,44.7,62.0,51.3,62.0,49.8,64.0
2015, -664, 83.12,93.74, 6.25,0,484, 914,4.37,1066,3.39,1100,4.17, 891,6.09,37.7,59.0,59.8,61.0,60.1,62.0,32.1,62.0
2013, -776, 69.12,35.16,64.63,0,253,1008,4.56, 841,6.41, 941,5.60, 876,6.26,46.7,60.0,22.7,60.0,37.8,61.0,29.9,62.0
2013, -810, 63.90,78.19,21.81,0,398,1050,3.89, 871,5.74, 972,4.90, 918,5.59,53.8,60.0,28.8,60.0,43.9,62.0,37.2,62.0
2005, -672, 57.06,33.07,66.88,0,371, 834,4.20, 827,2.92, 971,3.00, 862,3.90,25.8,56.0,34.1,57.0,47.5,57.0,36.2,58.0
2013, -828, 81.90,60.43,39.43,0,383,1040,4.49, 843,6.39, 953,5.49, 928,6.07,52.6,61.4,25.3,61.9,41.4,62.9,37.5,63.0
2013, -523, 73.22,63.50,36.37,0,458,1134,3.50, 940,5.42, 998,4.60, 964,5.20,63.0,60.0,37.2,60.0,47.2,61.0,43.2,62.0
2004,-1703, 12.52,25.80,73.47,0,298, 810,3.40, 961,3.40, 842,4.36, 884,5.20,30.7,57.0,45.3,57.0,32.7,59.0,32.6,59.0
2007, -960, 59.14,76.57,23.43,0,444, 868,4.31,1029,5.46, 836,4.77, 878,3.71,31.5,59.0,51.3,62.0,26.4,58.0,39.0,60.0
2010,  631, 76.16,80.42,19.50,0,494, 982,5.54,1085,3.64,1196,3.80, 891,4.18,45.1,63.0,62.7,60.0,72.2,59.0,34.7,59.0
2005, 1045, 67.68,35.59,63.04,0,348, 955,5.50,1005,4.45,1150,4.33,1012,5.60,36.6,58.0,50.0,60.0,64.8,59.6,49.2,62.0
2016, -754, 80.34,69.53,30.17,0,468, 993,5.34, 912,4.46,1084,3.43,1132,4.24,43.6,60.0,37.6,59.0,61.6,62.0,63.1,62.0
2016, -696, 81.80,85.21,14.61,0,481,1000,5.13, 906,4.32,1071,3.32,1109,4.07,44.6,59.0,37.1,59.0,60.4,61.0,61.1,61.9
2016, -690, 80.58,84.17,15.83,0,476,1000,5.30, 916,4.41,1088,3.40,1137,4.20,44.4,59.4,38.0,59.0,62.1,61.0,63.7,62.0
2013,-1676, 82.50,79.36,20.49,0,447,1168,3.78, 954,5.74,1014,4.86, 996,5.38,66.3,60.9,38.6,61.0,48.6,62.0,46.2,62.0
2019,-1086, 71.38,71.45,28.51,0,381,1051,3.21, 962,4.40,1176,4.41, 944,5.00,54.8,57.0,41.9,60.0,66.3,60.0,37.4,58.0
2012, -815, 66.60,67.37,32.61,0,499, 897,5.70, 990,4.80, 969,5.31,1046,3.40,33.5,62.0,47.3,62.0,44.1,63.0,59.2,60.0
2013, -723, 70.90,84.60,15.36,0,401,1088,4.53, 880,6.50, 980,5.54, 954,6.03,57.8,62.0,29.8,62.0,44.6,63.0,40.7,63.0
2020,  593, 90.58,84.53,15.46,0,472,1180,5.38,1261,3.30,1114,4.48,1297,4.53,67.0,61.0,78.4,59.0,59.4,62.0,80.9,62.0
2016, -672, 84.54,60.11,36.87,0,373, 989,5.86, 898,5.06,1026,4.16,1028,4.82,40.9,60.0,33.7,59.8,53.7,62.0,51.1,62.0
2012, -866, 71.68,86.90,12.82,0,520, 934,5.81,1017,4.90,1005,5.40,1106,3.51,37.4,62.0,50.1,63.0,48.0,63.0,65.3,60.0
2013, -692, 71.38,61.98,37.72,0,293,1027,3.83, 885,5.70, 957,4.90, 876,5.63,49.8,59.0,28.9,59.0,40.6,60.0,31.6,61.0
2006,-1451, 68.54,91.86, 7.84,0,440,1103,5.46, 956,4.80, 988,3.70,1142,3.60,59.2,63.0,39.4,59.0,50.8,60.0,66.1,60.0
2010,-1094, 63.90,85.99,13.97,0,405, 936,5.48, 961,3.50,1144,3.68, 957,4.10,40.7,63.1,50.4,60.0,67.0,59.6,41.7,59.0
2015, 1003, 58.90,55.17,44.70,0,332, 821,4.30,1121,3.24,1130,3.86, 953,5.90,26.5,57.0,64.1,60.0,61.8,61.0,38.1,61.0
2012, -847, 67.09,53.17,46.76,0,313, 852,6.12, 955,5.28, 887,5.96, 911,3.93,25.1,60.0,40.5,61.0,32.3,62.0,42.0,59.0
2010,  701, 62.76,33.94,66.02,0,287, 880,5.93, 900,3.88, 997,4.02, 852,4.37,31.3,62.0,40.6,58.0,48.2,57.0,27.4,57.0
2016, -323, 64.18,74.40,25.60,0,506,1007,5.06, 914,4.20,1085,3.20,1127,4.00,45.7,59.4,38.3,59.0,62.2,61.0,63.2,62.0
2007,  844, 58.56,75.73,24.21,0,357, 862,4.40,1008,5.51, 792,4.90, 793,3.74,29.1,58.0,47.6,61.9,20.0,57.0,28.7,59.0
2013, -747, 79.12,77.92,22.04,0,437,1168,3.44, 977,5.47,1008,4.60, 970,5.24,66.8,60.3,41.7,61.0,48.0,61.0,44.4,63.0
2021,  288, 84.14,52.27,47.35,1,419, 944,5.85,1048,5.13,1160,3.29,1011,4.40,39.2,60.0,54.1,60.0,67.8,59.0,48.4,61.0
2016,  681, 72.24,84.27,15.63,0,424, 960,5.20, 869,4.26,1204,3.16,1200,3.82,42.0,60.5,33.9,59.0,74.7,62.0,70.9,62.1
2010, -429, 58.08,64.33,34.63,0,322, 908,5.58, 928,3.58,1058,3.71, 884,4.08,35.3,61.0,44.5,58.0,55.5,57.0,31.8,56.1
2013, -377, 50.82,53.02,46.97,0,392,1076,3.62, 906,5.50, 976,4.70, 919,5.40,56.0,59.0,32.5,59.8,43.7,61.0,37.4,62.0
2004,-1020, 17.88,62.61,37.13,0,311, 862,4.50, 958,4.30, 832,5.51, 776,6.10,35.1,60.0,44.7,59.0,30.4,61.0,19.5,60.0
2015, -663, 69.08,89.88, 9.98,0,395, 956,5.00,1219,3.91,1247,4.80, 980,6.72,41.0,60.0,74.0,62.0,72.8,62.0,39.7,62.0
2015, -594, 79.17,78.34,21.66,0,431, 934,4.77,1151,3.68,1194,4.50, 956,6.48,39.4,60.0,67.9,62.0,68.5,62.0,38.2,62.2
2016, -510, 87.51,79.76,19.90,0,441, 981,5.13, 886,4.26,1034,3.33,1069,4.03,42.1,59.0,34.3,58.0,56.1,61.0,56.6,61.0
2013, -664,110.70,58.67,18.56,0,221, 972,4.82, 827,6.63, 947,5.83, 858,6.61,42.6,61.0,20.5,60.0,37.8,62.0,27.2,63.0
2022,  402, 87.74,71.88,28.13,0,417,  NA,  NA, 833,5.41, 951,4.60, 986,2.80,  NA,  NA,27.2,58.0,44.3,58.0,49.8,57.8
2017, -535, 75.42,85.16,14.79,0,480,1301,4.50, 993,5.10, 900,4.21,1069,3.21,81.4,62.0,44.1,59.0,36.6,59.0,60.3,61.0
2012, -330, 75.50,90.58, 9.42,0,471, 901,6.08, 996,5.18, 980,5.68,1091,3.78,33.1,62.0,47.2,63.0,44.5,63.0,62.9,60.0
2009,-1371, 76.62,83.61,16.08,0,487,1105,3.67,1291,3.82, 983,4.27,1107,5.20,64.9,61.0,81.9,60.0,43.9,59.7,60.1,62.0
2015, -998, 79.22,87.80,12.11,0,507, 883,3.80,1057,2.82,1110,3.52, 913,5.42,35.0,57.0,59.2,60.0,61.5,61.0,35.3,61.0
2014, -628, 87.46,84.24,15.72,1,429,1120,2.80,1147,3.43, 963,5.43, 996,4.53,64.8,60.0,64.4,60.0,39.9,60.0,46.5,61.0
2008, 1054, 64.22,27.43,66.88,0,282, 994,4.09, 849,4.40, 990,5.50, 783,4.89,47.7,57.0,27.0,57.0,44.9,60.0,18.1,56.0
2015, -866, 72.56,60.20,39.49,0,322, 829,4.29, 986,3.39,1042,4.00, 877,5.90,26.2,56.0,49.1,59.0,51.6,59.0,28.3,59.0
2016,  700, 74.68,60.03,39.94,0,396, 943,4.84, 847,4.04, 988,3.14,1046,3.77,37.5,58.0,29.2,56.4,50.3,60.0,53.1,60.0
2007,-2211, 72.72,85.03,14.70,0,435,1016,4.63,1102,5.48, 956,4.83, 987,3.73,46.8,60.0,59.0,63.0,39.1,58.9,50.6,60.0
2017, -705, 88.42,58.30,41.65,0,266,1161,4.98, 926,5.54, 827,4.76, 957,3.88,62.7,60.0,33.2,58.0,24.6,57.0,45.1,60.0
2013, -724, 74.74,72.42,21.99,0,365,1033,4.47, 839,6.37, 946,5.47, 920,6.06,51.7,61.0,24.8,61.2,40.5,62.4,36.5,63.0
2013, -733, 82.00,78.76,21.02,0,371,1188,3.92, 982,6.03,1009,5.12, 964,5.82,69.5,63.0,43.3,63.0,48.2,63.0,44.5,65.0
2013, -944, 79.00,80.49,19.50,0,509,1165,3.95, 938,5.90,1020,5.00,1008,5.45,66.9,62.0,37.7,62.0,50.2,63.0,48.1,63.0
2012, -402, 79.96,78.26,21.52,0,310, 841,6.37, 964,5.53, 893,6.24, 920,4.22,23.1,61.0,40.8,62.0,32.1,63.0,42.4,60.0
2013,-1139, 72.36,82.73,16.23,0,454,1062,4.10, 864,6.00, 978,5.10, 949,5.70,56.1,62.0,28.8,62.0,45.3,63.0,41.1,63.0
2012,  360, 74.76,96.16, 3.81,0,380, 875,6.62, 976,5.70, 948,6.19,1069,4.30,29.0,62.0,43.7,63.0,39.6,63.0,59.3,60.0
2018, 1775, 64.83,21.79,74.52,0,226, 934,5.30,1167,5.40, 924,5.90, 832,5.10,35.8,61.0,62.4,61.0,32.0,59.0,24.1,58.0
2013, -864, 79.32,85.92,13.69,0,422,1198,3.71, 991,5.77,1020,4.83, 989,5.51,69.9,61.0,43.3,62.0,49.2,62.0,46.5,64.0
2013, -971, 76.70,82.04,17.96,0,477,1101,3.97, 890,5.89, 987,4.99, 969,5.51,60.5,61.0,32.4,62.0,46.7,63.0,43.8,63.0
2020, -991, 83.44,71.34,28.65,0,369, 928,4.73, 954,2.90, 899,4.00,1086,4.10,40.4,57.0,45.2,57.0,35.3,58.0,56.6,59.0
2016,  627, 78.76,96.16, 3.81,0,380, 968,5.78, 888,4.90,1042,3.90,1081,4.70,39.5,60.0,33.6,59.0,56.1,61.0,56.7,62.0
2022,-1286, 71.38,16.37,82.47,0,332,  NA,  NA, 834,6.10, 971,5.37,1026,3.39,  NA,  NA,25.1,58.0,43.1,58.3,51.4,57.0
2020, -986, 74.64,72.96,27.03,0,414, 951,4.60, 987,2.80, 915,3.90,1093,4.10,44.3,58.0,49.8,57.8,38.1,59.0,58.6,59.0
2016, -747, 83.50,83.19,16.76,0,427, 952,4.97, 859,4.07,1175,2.97,1183,3.65,40.5,59.0,32.3,58.0,71.1,61.0,68.6,61.0
2008, -329, 85.50,79.46,20.54,0,207, 953,4.40, 842,4.69, 984,5.79, 771,5.20,42.8,58.0,26.1,58.0,43.7,61.0,16.5,57.0
2013, -676, 80.96,80.56,19.29,0,431,1181,3.66, 983,5.73,1008,4.82, 970,5.50,68.3,61.9,42.7,62.0,47.9,62.0,44.7,64.0
2020, -892, 89.84,54.17,45.73,0,395, 991,4.99,1069,3.16, 953,4.29,1124,4.46,48.4,59.0,58.2,58.0,42.2,60.0,62.0,60.7
2014, -642, 68.40,25.69,74.12,0,230, 929,4.29, 974,4.81, 827,6.65, 945,5.83,41.2,60.0,42.8,61.0,20.4,60.0,37.6,62.0
2010, 1242, 68.41,22.16,74.48,0,191, 853,6.35, 871,4.30, 965,4.41, 837,4.71,27.0,62.0,36.3,58.0,43.4,57.0,24.5,57.0
2015, -752, 79.76,85.65,14.16,0,473, 874,3.92,1195,2.83,1204,3.52, 997,5.53,34.5,58.0,73.7,61.0,71.2,62.0,44.8,62.0
2009,  510, 84.26,86.66,13.14,0,231, 900,4.57, 980,4.74, 830,5.04, 971,6.17,39.0,59.2,44.8,58.0,23.4,58.0,41.4,62.0
2021,  986, 84.04,70.47,29.51,0,445, 979,5.93,1107,5.27,1176,3.22,1059,4.40,42.3,60.0,58.8,60.0,68.8,58.0,53.0,61.0
2012, -670, 69.82,73.07,26.93,0,475, 917,5.82, 996,4.96, 980,5.46,1065,3.57,35.1,62.0,47.4,62.0,44.9,63.0,60.6,60.0
2013,-1212, 74.00,62.26,37.70,0,454,1124,4.05, 909,5.99, 990,5.09, 977,5.58,62.2,61.0,34.0,62.0,46.5,62.0,44.1,63.0
2013,-1481, 79.40,72.82,27.10,0,386,1102,4.55, 889,6.48, 983,5.56, 964,6.05,58.8,61.1,30.4,62.0,44.5,62.9,41.3,63.0
2013, -814, 84.58,80.91,19.07,0,444,1201,3.59, 994,5.67,1023,4.77, 991,5.38,70.5,61.3,44.0,62.0,49.8,62.0,47.1,64.0
2010,-1013, 68.90,79.86,20.04,0,461, 966,5.80,1080,3.90,1184,4.10, 878,4.46,42.6,63.0,61.5,60.0,70.3,59.9,32.7,59.0
2007, -685, 44.98,63.24,35.93,0,355, 992,4.55,1067,5.43, 893,4.82, 926,3.53,46.7,62.0,56.9,64.0,34.5,60.0,46.4,61.0
2021,  836, 85.40,80.90,18.92,0,506,1079,5.81,1186,5.20,1306,3.27,1136,4.41,54.2,61.0,68.6,61.0,83.6,60.0,62.2,62.0
2014, 1185, 98.22,75.98,21.53,0,218, 925,4.27, 971,4.80, 827,6.60, 947,5.80,40.8,61.0,42.5,61.0,20.4,60.0,37.8,62.0
2013, -827, 84.20,82.74,17.13,0,372,1026,4.74, 834,6.64, 964,5.74, 929,6.35,50.4,62.0,23.2,62.0,41.5,63.0,36.5,63.9
2011,  465, 59.98,29.42,68.28,0,297, 957,5.04, 902,5.74, 922,3.74,1047,3.86,40.5,60.0,34.2,61.0,43.4,58.0,53.9,57.0
2017, -614, 75.98,86.15,13.43,0,421,1362,4.99, 989,5.59, 903,4.75,1036,3.81,86.2,63.0,42.0,60.0,35.3,59.0,55.8,62.0
2013,-1129, 62.98,71.95,28.06,0,489,1129,4.10, 910,6.00, 998,5.10, 988,5.60,63.0,62.0,34.3,62.0,47.7,63.0,45.5,63.0
2008,-1450, 73.00,93.11, 6.60,0,423,1311,4.23,1014,4.72,1101,5.53, 954,4.92,83.2,61.0,46.4,60.0,58.6,63.0,38.8,59.0
2005,  626, 42.66,43.67,55.37,0,419, 824,4.21, 822,3.09, 982,3.01, 847,4.05,25.5,56.0,33.8,58.0,49.3,58.0,35.0,59.0
2010, -681, 69.34,65.73,34.25,0,384, 925,5.30, 945,3.30,1100,3.44, 924,3.83,38.7,62.0,47.9,59.0,61.4,58.0,37.5,57.0
2010,  852, 55.04,85.85,14.15,0,373, 931,5.57, 955,3.61,1136,3.77, 950,4.17,39.7,63.0,49.4,60.0,65.7,59.0,40.5,59.0
2009,  353, 56.81,31.35,68.05,0,400, 958,3.40,1074,3.51, 887,3.90,1030,4.90,48.7,58.0,58.5,57.0,33.2,57.0,51.2,60.0
2005, -966, 45.74,32.36,65.94,0,294, 804,4.49, 791,3.20, 944,3.29, 824,4.17,21.1,55.0,28.9,57.0,43.3,57.0,30.9,58.0
2015, -510, 77.68,85.90,14.03,0,426, 900,4.67,1047,3.72,1080,4.43, 875,6.42,35.4,59.0,57.1,61.3,57.3,62.0,29.6,62.0
2008, -456, 63.98,30.92,67.19,0,274,1022,3.94, 859,4.29, 995,5.30, 797,4.70,50.6,57.0,28.1,56.0,45.3,60.0,19.7,56.0
2009,  581, 71.70,84.56,15.29,0,211, 894,4.68, 974,4.85, 824,5.15, 965,6.28,38.1,59.4,43.8,58.0,22.5,58.0,40.3,62.0
2016, -653, 83.96,87.23,12.69,0,418, 992,5.37, 893,4.57,1024,3.67,1044,4.35,42.3,59.0,34.0,59.0,54.2,61.0,53.3,62.0
2016, -768, 69.33,59.40,39.87,0,277, 898,5.02, 813,4.20, 961,3.32,1020,3.90,31.6,57.0,24.2,55.0,46.0,58.0,48.9,59.0
2016, -612, 75.14,79.70,20.25,0,407, 967,5.23, 874,4.43,1018,3.47,1053,4.17,40.2,59.0,32.5,58.0,54.0,61.0,54.4,61.0
2016,  705, 83.80,83.36,16.61,0,371, 985,5.71, 888,4.91,1020,3.98,1037,4.68,40.6,59.0,32.6,59.0,53.1,61.0,52.0,62.0
2017, -374, 66.10,56.27,43.73,0,273,1198,5.11, 938,5.66, 840,4.91, 956,4.02,66.5,61.0,34.3,58.0,25.8,57.0,44.8,60.0
2013, -507, 66.44,69.42,30.57,0,367,1078,3.50, 921,5.41, 972,4.60, 903,5.30,56.1,59.0,34.1,59.0,43.1,60.0,35.8,61.9
2009, 1574, 50.64,35.87,64.04,0,302, 907,3.70,1017,3.81, 863,4.20,1001,5.21,41.7,58.0,50.6,57.0,28.9,56.0,46.4,60.0
2006,  267, 60.00,25.82,72.81,0,343,1001,5.30, 795,4.70, 795,3.52, 952,3.50,47.1,61.0,20.6,56.0,29.2,58.0,44.7,58.0
2014, -585, 80.18,84.84,15.15,0,482,1206,2.84,1208,3.50, 997,5.55,1028,4.64,74.4,61.0,71.3,61.0,44.3,62.0,50.3,62.0
2013, -665, 75.58,71.78,28.19,0,403,1192,3.81, 987,5.87,1015,4.94, 980,5.63,69.4,62.0,43.1,62.0,48.7,62.0,45.7,64.0
2010,-1086, 76.72,62.62,36.68,0,362, 993,6.30,1104,4.50,1257,4.66, 916,5.09,43.9,63.0,62.6,61.0,76.2,60.0,34.8,60.0
2013, -662, 72.36,75.13,24.81,0,409,1055,3.89, 872,5.76, 976,4.92, 922,5.56,54.4,60.0,29.1,60.0,44.4,62.0,37.8,62.0
2015, -787, 81.24,89.61,10.27,0,452, 906,4.54,1055,3.55,1087,4.31, 880,6.25,36.4,59.0,58.2,61.0,58.4,62.0,30.5,62.0
2007,  885,101.42,85.17,14.80,0,328, 855,4.49, 999,5.63, 785,4.99, 783,3.84,27.9,58.0,46.1,61.9,18.6,57.0,27.1,59.0
2012,  963, 67.34,67.02,32.96,0,474, 906,6.01, 994,5.11, 983,5.60,1084,3.71,33.7,62.0,47.0,63.0,44.9,63.0,62.2,60.0
2017,-1064, 91.14,44.22,52.76,0,366,1266,5.38,1021,5.99, 935,5.03,1198,3.98,76.5,63.0,45.0,60.0,38.5,60.0,71.7,62.0
2011, 1256, 68.89,55.23,43.64,0,167, 941,5.90, 841,6.72, 852,4.62, 938,4.79,37.2,62.0,25.3,63.0,34.1,60.0,40.4,58.0
2017,  456, 75.40,75.36,24.12,0,331,1270,5.60,1019,6.20, 940,5.21,1190,4.20,76.4,63.0,44.1,60.0,38.5,60.0,70.3,62.0
2016, -517, 82.92,75.87,24.13,0,442, 980,5.06, 886,4.26,1028,3.35,1063,4.05,42.1,59.0,34.3,58.0,55.5,61.0,56.1,61.0
2010, -495, 55.95,20.24,79.39,0,272, 881,5.90, 900,3.90,1006,4.03, 851,4.36,31.2,61.0,40.4,58.0,48.9,57.0,27.1,56.0
2008,-1046, 75.10,81.25,18.51,0,458,1304,3.96, 997,4.44,1110,5.33, 953,4.66,83.0,60.0,45.1,60.0,60.0,63.0,39.2,58.0
2013, -775, 73.80,81.05,18.85,0,362,1152,3.82, 966,5.89, 987,4.96, 944,5.66,64.6,61.0,40.0,61.0,45.0,62.0,41.2,64.0
2013,-1178, 69.36,85.18,14.82,0,485,1116,4.10, 901,6.07,1000,5.11, 981,5.60,61.8,62.0,33.3,62.0,47.8,63.0,44.8,63.0
2014, -730, 80.40,95.45, 4.19,1,482,1178,2.83,1198,3.50, 996,5.52,1024,4.62,71.6,61.0,70.4,61.0,44.3,62.0,50.1,62.0
2017,-1100, 83.36,47.46,51.86,0,365,1266,5.41,1021,6.01, 935,5.05,1197,3.97,76.5,63.0,44.9,60.0,38.5,60.0,71.6,62.0
2018, 1733, 81.00,76.38,23.60,0,447,1139,4.72,1332,4.75, 991,5.32, 901,4.49,61.5,62.0,83.7,62.0,43.0,59.0,35.9,59.0
2015,-1029, 80.31,76.33,22.97,0,484, 886,3.82,1065,2.87,1117,3.57, 917,5.47,35.2,57.0,59.8,60.0,62.1,60.9,35.4,61.0
2012, -779, 82.56,83.38,16.62,0,327, 842,6.36, 973,5.55, 897,6.27, 923,4.17,23.2,61.0,41.8,62.1,32.5,63.0,42.7,60.0
2010,-1383, 67.82,73.07,26.93,0,475, 980,5.46,1065,3.57,1187,3.70, 899,4.10,44.9,63.0,60.6,60.0,71.2,59.0,35.4,58.0
2007, -527, 62.36,65.36,31.12,0,315, 832,5.00, 986,6.13, 799,5.50, 843,4.41,25.2,59.0,44.4,62.0,19.8,58.0,32.8,60.0
2017, -850, 74.10,78.49,21.51,0,336,1173,4.61, 940,5.19, 842,4.39, 974,3.50,65.1,60.0,36.0,58.0,27.5,57.0,47.9,60.0
2011, -952, 78.14,94.57, 5.43,0,450,1093,5.16,1066,5.68,1084,3.87,1313,4.06,56.6,63.0,54.3,64.0,63.4,62.0,84.5,61.0
2015, -516, 83.38,88.11,11.88,0,457, 900,4.27,1255,3.17,1245,3.87,1016,5.91,37.3,59.0,79.9,62.0,75.3,62.9,46.7,63.0
2010,  520, 76.46,67.65,32.16,0,409, 927,5.20, 948,3.20,1099,3.36, 925,3.71,39.3,62.0,48.5,59.0,61.7,58.0,37.9,57.0
2014, 1467, 60.60,76.80,23.08,0,534,1275,2.97,1290,3.71,1034,5.71,1101,4.81,82.2,62.0,80.1,62.0,48.5,62.9,58.6,63.0
2005,-1307,107.66,63.46,36.43,0,252, 771,5.17, 766,4.03, 928,3.98, 778,4.98,16.1,57.0,24.5,58.0,40.4,58.0,24.5,60.0
2010, -600, 81.06,73.60,26.40,0,195, 845,6.40, 857,4.30, 949,4.50, 840,4.71,26.8,63.0,35.3,59.0,42.2,58.0,25.6,58.0
2014, -529, 58.76,23.33,65.96,0,244, 948,3.60,1006,4.20, 863,6.04, 945,5.20,44.0,59.0,46.9,59.0,25.6,59.0,38.6,60.0
2019, -711, 86.90,75.22,24.72,0,458,1242,3.30,1089,4.48,1257,4.53, 998,5.13,76.3,59.0,56.6,61.0,76.5,62.0,44.3,59.0
2016, -344, 79.68,86.02,13.99,0,482, 999,5.20, 910,4.32,1077,3.32,1120,4.11,44.5,59.0,37.5,59.0,61.1,61.0,62.1,62.0
2009,  527, 74.09,74.32,24.27,0,319, 982,4.52,1066,4.66, 834,4.96, 989,6.12,48.8,60.0,55.2,59.0,25.5,59.0,44.7,62.0
2010,-1718, 74.90,87.13,12.66,0,497,1009,5.50,1099,3.61,1238,3.80, 925,4.20,48.1,63.0,64.3,60.0,76.6,59.0,38.2,59.0
2019, -320, 85.62,72.41,27.58,0,496,1240,3.08,1087,4.27,1260,4.32,1007,4.89,76.6,59.0,57.0,61.0,77.3,62.0,45.8,59.0
2010, -318, 55.04,48.76,51.04,0,268, 871,5.81, 887,3.75, 994,3.91, 857,4.21,30.5,61.0,39.1,58.0,47.8,57.0,28.1,56.0
2006,-1561, 32.86,38.15,60.52,0,316,1012,4.97, 808,4.40, 795,3.10, 949,3.20,48.1,60.0,21.9,55.0,29.7,57.0,44.1,57.0
2013, -621, 72.86,47.41,52.41,0,399,1078,3.69, 902,5.59, 977,4.70, 926,5.39,56.6,60.0,32.3,60.0,44.3,61.0,38.3,62.0
2013, -946, 77.72,63.39,36.53,0,438,1103,4.14, 890,6.09, 981,5.19, 969,5.69,59.8,61.0,31.6,62.0,45.3,62.0,42.9,62.9
2011, -613, 48.16,30.50,66.34,0,402, 977,4.79, 936,5.40, 958,3.40,1073,3.51,44.3,61.0,39.3,62.0,48.8,58.0,58.4,57.0
2010, -851, 64.74,78.09,21.80,0,445, 956,5.70,1049,3.79,1148,3.92, 869,4.29,41.7,63.0,58.4,60.0,66.6,59.0,32.0,59.0
2012, -914, 78.92,57.89,42.02,0,450, 954,5.51,1003,4.69, 974,5.28, 993,3.31,38.8,60.8,47.5,61.1,44.3,62.0,53.4,59.0
2018, -819, 65.56,78.85,21.15,0,457,1022,4.15,1223,4.19, 969,4.78, 872,3.95,49.6,60.0,72.8,61.0,41.5,58.0,33.2,57.0
2010,  688, 77.10,79.98,20.00,0,322, 896,6.29, 922,4.23,1004,4.35, 857,4.65,32.3,63.0,42.5,60.0,48.4,58.5,27.6,58.0
2014,  610, 72.08,76.31,23.31,0,411,1006,3.33,1049,3.99, 861,5.89, 962,5.03,52.8,60.2,54.1,61.0,28.1,61.0,43.2,62.0
2015,  708, 86.24,24.40,75.36,0,440, 865,3.90,1051,2.90,1109,3.60, 917,5.50,32.0,57.0,57.6,60.0,60.3,60.0,34.6,60.0
2007, -763, 66.76,85.02,14.81,0,416, 858,4.47,1017,5.62, 827,4.93, 873,3.87,30.0,59.0,49.7,62.0,25.0,58.0,37.9,60.0
2017,  589, 81.71,46.14,53.38,0,276,1058,4.44, 893,4.99, 808,4.13, 978,3.23,52.3,58.0,31.0,56.0,23.6,55.0,47.7,58.0
2013, -964, 83.08,86.83,13.17,0,461,1172,3.36, 981,5.36,1013,4.46, 974,5.14,67.5,60.6,42.5,61.0,48.9,61.0,45.2,63.0
2012,  358, 73.14,47.33,51.61,0,376, 965,6.77,1064,5.81,1026,6.21,1122,4.50,37.9,62.0,51.8,63.0,47.5,63.0,64.4,61.0
2019,-1119, 74.08,65.63,34.36,0,406,1025,3.07, 950,4.20,1161,4.29, 943,4.80,52.5,57.1,40.9,60.0,65.0,60.0,37.7,58.0
2019, -914, 76.72,76.88,22.87,0,363,1165,3.65,1055,4.85,1271,4.85, 961,5.45,66.1,59.0,51.3,61.0,75.9,62.0,38.5,59.0
2006,  505, 58.70,77.78,22.14,0,264, 979,5.93, 773,5.30, 780,4.20, 929,4.10,42.9,61.0,16.2,57.0,25.7,59.0,40.6,59.0
2007, -559, 59.02,58.60,41.15,0,333, 878,3.90,1015,4.90, 813,4.31, 803,3.10,31.5,56.0,48.6,60.0,22.8,55.0,30.7,57.0
2007,-1046, 72.84,81.12,18.63,0,479,1026,4.37,1113,5.22, 962,4.57, 990,3.44,48.8,60.0,61.0,63.0,40.8,58.7,51.8,60.0
2019, 2541,108.15,66.63,32.85,0,172, 931,4.24, 883,5.34,1104,5.43, 894,5.94,38.7,58.0,30.6,61.0,55.9,61.0,29.2,59.0
2009,  493, 64.68,77.80,22.20,0,304, 902,3.79,1002,3.90, 857,4.20, 998,5.30,41.1,58.0,49.0,57.0,28.4,57.0,46.1,60.0
2008,-1087, 61.92,45.47,54.26,0,270, 993,4.11, 849,4.45, 988,5.51, 782,4.91,47.4,57.0,26.8,57.0,44.5,60.0,17.8,56.0
2018, -521, 73.40,47.47,52.48,0,390, 902,3.96,1087,4.10, 919,4.65, 830,3.80,36.0,59.0,57.2,59.0,35.5,57.0,27.7,55.0
2008, -543, 77.00,81.27,18.73,0,326,1112,4.74, 836,5.08, 997,6.23, 816,5.53,60.4,59.0,26.0,59.0,45.8,62.0,21.9,58.0
2005,-2541,  8.09,24.86,73.73,0,297, 817,4.60, 811,3.40, 962,3.40, 843,4.40,22.6,56.0,30.8,57.0,45.4,57.0,32.8,59.0
2022,-1297, 74.36, 9.79,89.05,0,388,  NA,  NA,1071,6.59,1158,5.90,1343,4.15,  NA,  NA,51.6,62.0,64.4,62.0,85.8,61.0
2019, -597, 85.02,42.59,56.88,0,212, 905,3.76, 864,4.82,1064,4.96, 885,5.49,37.1,57.0,29.4,59.0,52.3,60.0,29.2,57.0
2004, -769, 46.22,45.95,54.03,0,394, 819,3.17, 977,3.12, 843,4.17, 870,4.92,32.9,58.0,48.3,58.0,34.1,59.0,32.4,59.0
2018, -755,105.38,68.63,31.12,0,276, 951,5.02,1184,5.07, 937,5.57, 841,4.82,38.5,61.0,65.0,61.0,34.3,58.0,26.1,57.0
2012,  538, 36.40,23.84,73.51,0,300, 904,5.86, 956,5.03, 904,5.71, 924,3.71,30.9,59.0,40.3,60.0,34.5,61.0,43.7,58.0
2017, -622, 74.74,86.88,13.07,0,392,1309,4.90, 975,5.49, 881,4.69,1022,3.73,80.5,62.0,40.4,59.0,32.7,59.0,54.0,61.0
2014,  320, 58.04,43.06,56.77,0,238, 938,3.53, 999,4.10, 867,6.00, 946,5.13,43.1,59.0,46.3,59.0,26.3,59.0,38.9,60.0
2019, -666, 79.66,70.47,29.42,0,373,1167,3.60,1056,4.80,1272,4.80, 963,5.39,66.5,59.0,51.6,61.0,76.3,62.0,38.9,59.0
2012,  923, 78.31,45.92,53.36,0,336, 986,6.91,1095,5.99,1048,6.40,1101,4.70,39.4,62.0,53.9,63.0,49.3,63.0,62.0,61.0
2015, -482, 83.42,75.97,24.03,0,433, 943,4.58,1239,3.53,1258,4.33, 997,6.32,40.6,60.0,76.9,62.0,74.9,62.0,42.7,62.0
2007,-1155, 59.24,10.88,87.65,0,251, 844,4.52, 982,5.62, 778,5.01, 774,3.82,26.0,57.0,43.6,60.2,17.1,56.0,25.6,58.0
2019,-2114, 50.82,24.73,72.93,0,269, 917,3.27, 871,4.30,1058,4.50, 892,5.00,39.6,56.0,30.8,58.0,52.2,58.0,30.7,56.0
2005, 1143, 48.16,68.20,31.76,0,313, 786,4.84, 786,3.70, 941,3.68, 795,4.70,18.9,56.0,27.5,58.0,43.0,58.0,27.4,59.0
2018, -562, 63.16,28.28,70.76,0,319, 946,4.57,1151,4.60, 929,5.20, 833,4.37,39.4,59.2,62.9,60.0,34.9,57.0,26.6,56.0
2013, -449, 69.54,29.95,69.53,0,418,1137,3.60, 948,5.53, 995,4.70, 958,5.30,62.8,60.0,37.6,60.0,46.2,61.0,42.2,62.0
2008, 1560, 66.94,74.11,25.67,0,336,1017,3.60, 873,3.95,1012,5.00, 807,4.40,51.3,57.0,30.8,56.0,48.3,60.0,22.0,56.0
2010,  644, 75.72,83.24,16.51,0,472,1041,5.38,1053,3.51,1255,3.68, 997,4.16,52.0,63.0,60.3,61.0,78.8,60.0,46.1,60.0
2007, -501, 60.12,41.90,57.95,0,187, 838,4.70, 975,5.80, 769,5.20, 760,4.00,24.6,57.0,41.9,60.0,15.4,56.0,23.5,58.0
2019, -827, 85.28,74.24,25.71,0,462,1126,2.89,1005,4.07,1193,4.16, 970,4.70,64.3,58.0,47.8,60.0,69.7,60.0,41.5,58.0
2016, 1094, 25.70,70.89,28.94,0,417, 929,4.60, 839,3.71,1077,2.71,1117,3.35,37.4,57.0,29.3,56.0,60.2,59.0,61.1,59.9
2010,  596, 73.10,80.74,19.13,0,337, 899,6.07, 924,3.97,1007,4.16, 860,4.47,33.5,63.0,43.4,59.0,49.6,58.0,28.6,58.0
2004,  723, 69.04,68.66,31.33,0,388, 897,3.25,1023,3.25, 937,4.15, 996,5.10,42.2,59.0,53.8,59.0,44.6,60.0,46.5,61.0
2010, -324, 65.78,69.93,30.06,0,338, 895,5.40, 913,3.40,1042,3.50, 885,3.90,34.3,61.0,43.2,58.0,54.0,57.0,32.3,56.0
2012, -673, 82.90,82.24,17.76,0,368, 990,6.81,1102,5.83,1057,6.23,1120,4.53,40.2,62.0,55.2,63.0,50.7,63.0,64.2,61.0
2009, -348, 64.46,13.72,86.20,1,393, 969,3.40,1112,3.60, 914,4.00,1044,4.90,50.0,59.0,62.3,58.0,35.9,57.0,52.6,60.6
2010, -986, 78.08,81.92,18.08,1,466, 965,5.58,1055,3.66,1161,3.78, 880,4.18,43.1,63.0,59.6,60.0,68.5,59.0,33.5,59.0
2013, -698, 60.94,35.61,63.87,0,231,1000,4.70, 833,6.53, 933,5.70, 870,6.40,45.6,60.0,21.5,60.0,36.6,62.0,28.9,62.0
2016, -571, 78.94,88.92,10.94,1,479, 988,4.88, 893,3.99,1103,2.98,1153,3.78,43.6,59.0,35.7,58.0,63.6,61.0,65.3,61.0
2007,-1052, 64.64,76.76,22.24,0,373, 852,4.25,1000,5.35, 802,4.73, 820,3.63,29.0,58.0,47.6,61.0,22.1,57.0,32.2,59.0
2006, -722, 65.18,81.95,17.90,0,371,1008,6.00, 817,5.31, 862,4.30, 974,4.11,47.3,63.0,22.4,58.9,35.5,60.0,46.6,60.0
2009,  388, 51.32,55.43,43.45,0,331, 965,3.98,1054,4.13, 842,4.48, 992,5.58,48.2,59.0,55.2,58.0,27.4,58.0,46.2,61.0
2006,-1860, 72.46,85.50,14.45,0,389,1095,5.76, 949,5.08, 980,3.98,1134,3.88,57.4,63.0,37.7,59.0,49.2,60.0,64.5,60.0
2015,-1049, 84.24,78.31,21.54,0,500, 915,4.16,1119,3.14,1168,3.94, 943,5.89,38.5,59.0,65.7,61.0,67.2,61.4,38.2,62.0
2021,  960, 86.56,87.35,12.55,0,494, 953,5.50,1083,4.80,1158,2.77,1038,3.92,40.6,59.0,57.8,60.0,68.1,58.0,51.7,60.0
2014, 1139, 67.72,85.60,14.14,0,498,1140,3.10,1188,3.90, 958,5.83,1034,4.93,67.7,61.0,69.0,61.0,39.6,62.0,51.5,62.1
2015, -555, 39.61,19.25,80.12,0,307, 826,4.16,1014,3.20,1070,3.88, 906,5.79,25.8,55.0,51.9,59.0,54.3,59.0,31.4,59.0
2016,  350, 78.18,83.31,16.50,0,379, 969,5.77, 889,4.91,1042,3.91,1081,4.67,39.6,60.0,33.7,59.0,56.1,61.0,56.7,62.0
2008,-1305, 78.66,79.46,20.19,0,354,1079,4.57, 846,4.87,1004,6.07, 814,5.37,57.0,59.3,27.1,59.0,46.7,63.0,21.8,58.3
2021, 1066, 89.06,77.45,22.51,0,431, 909,5.70,1041,4.99,1110,2.99,1003,4.17,35.0,59.0,52.5,59.0,62.1,58.0,47.2,60.0
2013, -746, 74.92,88.21,11.52,0,489,1148,3.40, 952,5.36,1006,4.50, 973,5.10,65.1,60.0,39.2,61.0,48.6,62.0,44.8,62.2
2018,-1089, 75.28,80.66,19.34,0,421, 927,3.86,1118,4.00, 936,4.50, 845,3.70,39.0,59.0,61.1,59.0,37.8,57.0,29.8,56.0
2015, -550, 75.10,83.46,16.47,0,473, 917,4.45,1092,3.41,1140,4.22, 922,6.20,38.1,59.0,62.5,62.0,63.9,62.0,35.4,62.0
2008, -589, 67.71,71.06,28.89,0,364,1015,4.00, 870,4.30,1017,5.47, 799,4.81,50.7,58.0,30.0,58.0,48.5,62.0,20.7,57.0
2013, -844, 65.46,67.70,31.94,0,485,1105,3.90, 896,5.80, 987,4.90, 970,5.44,60.9,61.0,33.1,62.0,46.8,63.0,44.0,63.0
2014, -479, 80.34,93.00, 6.72,0,430,1264,3.46,1272,4.26,1012,6.26,1089,5.32,79.6,62.0,76.6,62.0,44.5,62.0,55.5,63.0
2010, -555, 43.29,19.81,78.35,0,249, 876,5.99, 895,3.95,1003,4.10, 849,4.45,30.3,61.0,39.5,58.0,48.2,57.0,26.5,56.0
2008, -899, 68.88,77.31,22.68,0,403,1105,3.40, 928,3.80,1051,4.74, 856,4.14,62.2,58.0,38.1,57.1,53.8,61.0,29.0,56.0
2013,-1010, 69.26,78.96,21.04,0,491,1105,3.90, 896,5.80, 988,4.90, 971,5.40,61.0,61.0,33.2,62.0,47.0,63.0,44.2,63.0
2010, -942, 74.32,90.64, 9.37,0,439,1052,5.82,1121,4.06,1320,4.22, 986,4.71,51.8,63.0,65.7,61.0,84.0,60.0,43.3,60.0
2011,  429, 57.03,22.95,76.08,0,293, 958,5.05, 903,5.75, 923,3.75,1048,3.90,40.5,60.0,34.3,61.0,43.5,58.0,54.0,57.0
2007, 1452, 61.42,59.88,40.11,0,311, 874,4.00,1009,5.01, 809,4.41, 799,3.20,30.7,56.0,47.7,60.0,21.9,55.0,30.0,57.0
2018,-1419,113.36,56.58,43.41,0,323, 954,4.86,1189,4.90, 940,5.42, 847,4.62,39.4,61.0,66.0,61.0,35.4,59.0,27.3,57.0
2015, -687, 81.22,84.02,15.97,0,432, 906,4.61,1075,3.61,1124,4.41, 909,6.35,36.4,59.0,60.2,61.0,61.7,62.0,33.4,62.0
2015, -648, 78.76,85.80,14.17,0,431, 890,4.29,1250,3.19,1233,3.84,1012,5.94,36.8,59.9,79.9,63.0,74.7,63.0,46.9,63.0
2013, -841, 78.18,86.22,13.65,0,381,1240,4.82, 976,6.78,1088,5.82,1040,6.22,71.9,62.0,39.1,62.0,54.2,63.0,49.0,63.0
2013,-1677, 78.88,87.15,12.86,0,498,1122,3.52, 920,5.42,1001,4.56, 971,5.12,62.8,61.0,36.0,61.0,48.6,62.0,44.6,62.0
2021,  824, 76.48,50.29,49.71,0,336, 776,5.80, 914,5.00, 942,3.10, 892,4.20,19.2,57.0,38.0,57.0,43.0,56.4,33.9,59.0
2019,  805, 79.42,39.89,60.04,0,306,1046,3.58, 956,4.74,1173,4.78, 933,5.34,53.0,57.0,40.0,60.0,64.8,60.0,34.9,58.0
2006,-2118, 45.84,29.02,60.36,0,306,1015,5.10, 821,4.50, 815,3.30, 963,3.30,48.3,60.0,23.2,55.6,31.5,57.0,45.6,57.0
2010, -375, 69.52,68.82,29.72,0,330, 934,5.90, 962,3.90,1157,4.10, 964,4.51,40.2,64.0,50.3,61.0,68.1,61.0,42.4,60.0
2010, -967, 60.32,86.46,13.31,0,442, 947,5.79,1033,3.81,1121,3.99, 867,4.29,40.4,63.0,56.4,60.0,63.5,59.0,31.3,59.0
2013, -764, 77.04,76.83,23.17,0,433,1171,3.54, 979,5.56,1006,4.69, 968,5.34,67.2,61.0,42.1,61.0,47.9,62.0,44.4,63.0
2007,-2563, 57.06,85.27,14.68,0,488, 881,3.99,1043,5.11, 850,4.45, 892,3.39,33.9,58.0,53.8,62.0,28.9,58.0,41.3,60.0
2018,-1062, 75.29,64.40,35.57,0,304, 920,4.51,1125,4.60, 919,5.13, 827,4.31,36.2,59.0,59.7,59.2,33.5,57.0,25.6,56.0
2010,-1083, 40.60,44.36,55.63,0,378, 927,5.30, 947,3.31,1091,3.50, 911,3.85,38.5,62.0,47.6,58.0,60.2,57.0,35.8,57.0
2010,-1583, 73.96,85.09,14.85,0,424, 951,5.41, 975,3.45,1168,3.61, 971,4.05,42.8,64.0,52.4,61.0,70.0,60.0,43.8,59.0
2007,  880, 99.86,86.37,13.55,0,190, 837,4.91, 978,6.10, 764,5.46, 751,4.21,24.8,58.0,42.4,62.0,15.1,58.0,22.7,59.0
2010, -752, 66.61,11.64,77.58,0,228, 869,6.40, 894,4.37, 982,4.50, 830,4.83,28.8,62.0,38.8,59.0,45.3,58.0,23.7,57.0
2010,-1309, 79.80,89.28,10.61,0,384,1041,6.22,1124,4.52,1336,4.71, 995,5.21,49.2,63.0,64.7,61.0,84.2,61.0,42.8,60.0
2015, -413, 78.48,79.02,20.65,0,431, 900,4.61,1052,3.62,1088,4.40, 879,6.32,35.6,59.0,57.9,61.0,58.2,62.0,30.3,62.0
2008, -813, 72.70,77.12,21.03,0,226, 980,4.76, 828,5.11, 970,6.23, 766,5.61,44.6,58.0,23.1,58.0,41.1,62.0,14.5,57.0
2016, -450, 66.30,81.67,18.34,0,509,1007,5.00, 913,4.20,1085,3.20,1127,4.00,45.8,59.0,38.3,59.0,62.2,61.0,63.2,62.0
2006, -598, 53.22,52.95,46.87,0,310,1009,5.11, 811,4.50, 805,3.30, 955,3.30,47.6,60.0,22.1,56.0,30.3,57.0,44.7,57.0
2011, 1273, 71.54,68.77,30.79,0,405, 971,5.02, 921,5.68, 965,3.68,1053,3.79,43.8,62.0,37.4,63.0,49.1,59.0,56.1,58.0
2013,-1000, 78.92,45.04,53.15,0,347,1250,4.79, 984,6.79,1079,5.84,1043,6.29,72.7,62.0,39.7,62.0,52.8,63.0,49.2,63.0
2004,-1173, 43.82,22.41,74.63,0,326, 798,3.40, 954,3.36, 823,4.35, 857,5.20,29.5,57.0,44.7,57.0,30.9,59.0,29.8,59.0
2020,  647, 72.08,47.03,52.88,0,418,1037,5.03,1107,3.03, 998,4.20,1198,4.28,51.9,59.0,61.7,58.0,46.5,60.0,69.6,60.0
2017, -542, 84.72,75.10,24.88,0,476,1327,4.59,1000,5.16, 907,4.31,1070,3.31,83.8,62.0,44.5,59.0,37.1,59.0,60.2,61.0
2013,-1100, 79.56,88.98,11.02,0,496,1122,4.04, 905,6.01,1001,5.10, 984,5.54,62.5,62.0,33.9,62.0,48.1,63.0,45.3,63.0
2013, -917, 84.74,57.42,42.56,0,281, 990,4.56, 837,6.39, 955,5.59, 871,6.33,45.2,61.0,22.5,60.0,39.6,62.0,29.5,63.0
2012,  593, 60.16,77.94,22.07,0,470, 918,6.19,1009,5.22, 987,5.70,1106,3.82,34.9,62.0,48.5,63.0,45.2,63.0,64.5,60.0
2008,-1550, 64.86,65.12,33.83,0,224, 963,4.20, 840,4.50, 979,5.60, 773,5.00,43.8,57.0,25.7,57.0,43.1,60.0,16.5,56.0
2013, -505, 82.00,79.23,20.33,0,413,1240,4.53, 978,6.49,1074,5.53,1047,5.96,72.8,62.0,40.2,62.0,53.6,63.0,50.7,63.0
2005, -651, 59.14,20.41,74.68,0,393, 819,4.37, 818,3.19, 978,3.17, 841,4.19,24.4,56.0,32.7,58.0,48.4,58.0,33.8,59.0
2009, -937, 71.04,28.60,70.75,0,406, 973,3.40,1116,3.56, 918,3.92,1049,4.90,50.6,59.0,63.0,58.0,36.5,57.0,53.4,61.0
2014,  847, 78.70,71.95,27.26,0,291, 964,4.03,1003,4.63, 835,6.45, 958,5.63,45.7,61.0,46.7,61.0,22.2,61.0,39.8,62.0
2021,  823, 85.86,48.97,50.28,0,293, 765,5.90, 901,5.10, 927,3.20, 879,4.30,17.5,57.0,36.0,57.0,40.9,56.0,32.1,58.0
2016, -685, 81.20,76.78,23.16,0,450, 968,4.61, 868,3.80,1051,2.90,1110,3.51,41.3,58.0,32.5,57.0,57.8,60.0,60.6,60.0
2013, -523, 63.54,56.77,43.11,0,443,1076,4.01, 875,5.92, 971,5.03, 948,5.58,57.4,61.0,30.3,61.1,44.6,62.0,41.2,63.0
2006,  691, 57.98,39.80,60.20,0,440,1043,4.84, 842,4.21, 850,3.11,1006,3.04,53.3,61.0,27.6,56.0,36.8,58.0,52.1,58.0
2013, -614, 80.70,88.17,11.55,0,500,1151,3.80, 936,5.72,1009,4.85, 991,5.35,65.1,61.0,37.1,62.0,48.7,62.0,46.1,63.0
2005, -448, 58.70,20.03,72.72,0,311, 789,4.70, 790,3.60, 945,3.56, 802,4.60,19.8,56.0,28.5,58.0,44.0,58.0,28.6,59.0
2018,-1161,124.70,68.33,30.90,0,299, 949,4.95,1182,5.00, 936,5.51, 843,4.71,38.5,61.0,65.0,61.0,34.6,58.9,26.5,57.0
2017, -967, 64.42,82.61,17.02,0,383,1268,5.30,1020,5.90, 934,4.93,1195,3.89,76.9,63.0,45.2,60.0,38.8,60.0,71.6,62.0
2013, -565, 82.32,50.97,49.03,0,343,1037,3.99, 874,5.83, 963,4.99, 898,5.69,51.4,60.0,28.1,59.9,41.9,61.0,34.2,62.0
2013,-1451, 84.34,85.48,14.49,0,480,1181,4.11, 945,6.06,1030,5.16,1018,5.57,67.9,62.0,37.9,62.0,50.6,63.0,48.6,63.0
2008, -379, 59.50,89.92,10.08,0,283,1011,4.60, 833,4.90, 980,6.09, 781,5.40,48.8,58.9,24.6,58.0,43.1,62.0,17.1,58.0
2007, -959, 71.52,68.87,31.06,0,279, 851,4.36, 993,5.46, 782,4.86, 769,3.61,27.5,57.0,45.3,61.0,18.3,56.2,25.9,58.0
2010, -727, 73.60,82.47,17.38,0,397, 946,6.00,1063,4.10,1164,4.28, 862,4.61,39.9,63.0,59.2,60.0,67.6,59.0,30.4,59.0
2012, -652, 66.22,68.10,31.71,0,389, 847,6.28, 955,5.38, 928,5.96,1006,4.00,26.0,62.0,41.8,63.0,37.7,63.0,53.0,60.0
2012, -325, 69.84,52.55,46.59,0,443, 918,5.35, 988,4.51, 933,5.20, 954,3.20,34.7,60.0,46.0,61.0,39.7,62.0,49.1,58.7
2012, -626, 32.10,48.54,51.42,0,374, 935,5.41, 977,4.60, 915,5.30, 935,3.30,36.1,59.0,43.8,60.0,37.5,62.0,46.6,58.0
2013, -423, 48.64,48.83,51.12,0,391,1075,3.64, 905,5.54, 974,4.70, 919,5.40,56.0,59.0,32.4,60.0,43.6,61.0,37.4,62.0
2016, -955, 72.22,44.68,54.82,0,299, 910,5.06, 824,4.21, 952,3.40,1014,3.96,33.1,57.0,25.6,56.0,45.2,59.0,48.6,59.0
2018, -946, 77.80,61.69,37.60,0,362, 940,4.30,1143,4.37, 933,4.90, 839,4.10,39.4,59.0,62.6,60.0,36.2,57.0,28.0,56.0
2015, -914, 55.97,55.22,44.39,0,392, 833,3.85,1076,2.86,1113,3.46, 946,5.46,28.2,56.0,59.8,59.0,60.3,60.0,37.5,60.0
2014, -811, 81.32,76.06,23.67,1,479,1187,2.86,1205,3.53,1001,5.55,1029,4.66,72.7,61.0,71.2,61.7,44.9,62.0,50.7,62.0
2018,-1159, 80.60,77.85,22.16,0,358,1036,4.77,1255,4.81, 960,5.36, 863,4.57,49.0,61.0,74.0,61.0,38.2,58.8,30.0,58.0
2015, -809, 72.24,70.87,28.20,0,304, 842,4.64, 966,3.80,1021,4.40, 850,6.24,26.8,57.0,46.4,60.0,48.8,60.0,24.4,60.0
2016, -820, 82.08,87.62,12.35,0,389,1033,5.94, 950,4.90,1263,3.83,1271,4.64,47.0,61.0,40.7,60.0,78.7,62.0,75.3,62.0
2013, -643, 79.90,76.27,23.36,0,410,1192,3.80, 987,5.90,1015,4.94, 977,5.62,69.8,62.0,43.5,62.0,49.0,62.9,45.8,64.7
2010,-1079, 78.24,96.41, 3.59,0,382, 948,6.18,1069,4.28,1185,4.48, 865,4.88,39.7,63.0,59.4,60.0,69.3,60.0,30.2,59.0
2011,-1048, 73.16,72.26,27.55,1,409, 990,5.16, 971,5.68,1036,3.78,1167,3.90,45.6,62.0,42.9,62.0,56.7,60.0,68.1,59.0
2012, -908, 51.90,87.95,11.96,0,516, 951,5.90,1035,5.00,1021,5.42,1119,3.60,39.0,62.0,51.7,63.0,49.5,63.0,66.5,60.0
2014,-1113, 14.26,85.76,14.22,0,416,1078,2.73,1117,3.40, 950,5.33, 988,4.45,60.2,59.0,61.1,59.9,38.3,60.0,45.6,60.0
2010, -742, 72.14,65.05,34.31,0,347, 963,5.83, 987,3.90,1195,4.10, 987,4.54,44.1,65.0,53.8,62.0,72.7,61.1,45.5,61.0
2018, -667, 82.26,86.03,13.90,0,482,1024,4.10,1226,4.11, 973,4.70, 876,3.90,50.1,60.8,73.5,61.0,42.2,58.0,33.9,57.0
2014, -816, 69.84,86.74,13.19,0,355,1161,3.29,1152,3.92, 965,6.00, 985,5.08,69.5,62.0,65.3,62.0,40.8,62.0,45.3,62.4
2005, -617, 52.66,28.14,71.87,0,355, 832,4.25, 825,3.00, 969,3.05, 860,3.95,25.4,56.0,33.7,57.0,47.0,57.0,35.8,58.0
2010, -982, 72.66,85.85,14.11,0,450, 977,5.70,1080,3.81,1198,3.99, 886,4.39,43.8,63.0,61.6,60.0,71.7,59.0,33.5,59.0
2005,  569, 61.06,36.00,62.35,0,412, 823,4.24, 821,3.09, 981,3.04, 845,4.09,25.2,56.0,33.5,58.0,49.0,58.0,34.7,59.0
2013, -635, 77.10,91.25, 8.27,0,413,1277,4.28,1019,6.30,1087,5.38,1058,5.90,77.4,62.5,45.7,63.0,55.5,63.0,53.1,64.0
2005, -432, 34.42,22.67,76.68,0,374, 813,4.40, 813,3.30, 972,3.25, 834,4.30,23.5,56.0,31.9,58.0,47.6,58.0,32.9,59.0
2014, 1015, 78.26,83.60,16.16,0,480,1048,2.93,1100,3.63, 905,5.53, 987,4.68,58.0,60.0,60.1,60.8,34.0,61.0,46.6,62.0
2004,-1792, 15.08,60.85,39.14,0,410, 853,2.80, 992,2.90, 889,3.80, 945,4.70,37.7,58.0,50.4,58.0,39.8,59.0,41.3,59.0
2013, -814, 78.74,86.92,12.89,0,450,1171,3.43, 980,5.43,1011,4.54, 972,5.22,67.2,60.4,42.2,61.0,48.5,61.0,44.8,63.0
2016, -671, 89.70,73.56,26.39,0,473, 992,4.83, 894,3.98,1131,2.95,1178,3.68,43.9,58.2,35.4,57.7,66.2,60.2,67.6,61.0
2013, -475, 90.87,70.79,28.37,0,265, 999,4.20, 862,6.01, 957,5.20, 864,6.00,46.7,60.0,25.9,59.0,40.3,61.0,29.6,62.0
2010,-1301, 79.34,73.88,26.12,0,475, 981,5.64,1089,3.76,1206,3.91, 890,4.31,44.6,63.0,62.8,60.0,73.0,59.0,34.3,59.0
2010, -793, 81.12,83.53,16.47,0,510,1008,5.40,1104,3.60,1240,3.70, 921,4.10,48.1,63.0,65.0,60.0,76.9,59.0,38.0,59.0
2016, -374, 76.46,80.59,19.24,0,515,1003,4.99, 910,4.12,1081,3.12,1123,3.90,45.7,59.0,38.2,59.0,62.0,61.0,63.1,62.0
2013,-1300, 83.06,77.36,22.57,0,353,1031,4.52, 836,6.47, 942,5.57, 917,6.12,51.3,61.0,24.3,61.7,39.9,62.3,36.0,63.0
2009,  435, 57.04,36.84,63.16,0,300, 903,3.82,1000,3.93, 855,4.28, 995,5.35,41.1,58.0,48.7,57.0,27.9,57.0,45.7,60.0
2005,  328, 62.33,20.58,72.14,0,233, 769,5.20, 764,4.03, 923,4.03, 777,5.01,15.7,57.0,24.1,58.0,39.8,58.0,24.3,60.0
2015, -602, 77.54,77.39,22.22,0,396, 943,4.83,1254,3.78,1264,4.58, 997,6.58,40.2,60.0,78.0,62.0,75.0,62.0,42.1,62.2
2015, -590, 78.50,88.59,11.28,0,503, 944,4.16,1262,3.09,1280,3.84,1028,5.86,42.1,59.1,80.6,62.0,78.8,62.0,47.6,62.1
2008, 1766, 78.28,30.67,68.96,0,246, 972,4.54, 840,4.85, 981,6.01, 770,5.36,44.2,58.0,25.0,58.0,42.7,62.0,15.5,57.0
2013, -817, 77.62,84.73,15.26,0,386,1155,3.73, 968,5.75, 990,4.85, 945,5.55,65.3,61.0,40.7,61.1,45.7,62.0,41.6,64.0
2007, -630, 66.16,86.90,13.05,0,415, 854,4.38,1014,5.53, 821,4.85, 865,3.81,29.5,58.0,49.3,62.0,24.3,58.0,37.0,59.3
2007, -565, 68.82,22.32,77.36,0,211, 843,4.46, 981,5.50, 777,4.90, 762,3.69,25.9,56.0,43.2,60.0,16.8,56.0,24.4,57.0
2021, 1173, 83.50,71.10,28.84,0,379, 856,6.32,1002,5.52,1066,3.44, 984,4.62,27.4,60.0,46.2,59.8,55.4,58.0,43.5,61.0
2007, -646, 70.08,82.38,17.43,0,487, 936,4.04,1081,5.01, 902,4.34, 931,3.30,39.3,59.0,57.6,62.0,34.3,57.0,45.6,59.0
2010,-1532, 47.52,79.13,20.87,0,511, 988,5.51,1100,3.63,1216,3.80, 898,4.20,45.9,63.0,64.4,60.0,74.4,59.7,35.6,59.0
2015, -613, 82.70,80.48,19.41,0,447, 949,4.57,1250,3.47,1265,4.28,1000,6.27,41.4,60.0,78.2,62.0,75.7,62.0,43.0,62.0
2007, -571, 86.75,41.90,49.05,1,281, 830,5.30, 985,6.50, 806,5.80, 861,4.80,24.3,59.0,43.4,63.0,19.5,58.0,33.9,60.0
2007, -603, 81.14,74.89,25.01,0,426, 861,4.41,1020,5.54, 831,4.89, 878,3.81,30.5,59.0,50.2,62.0,25.6,58.0,38.6,60.0
2022,-1208, 82.72,56.14,43.83,0,309,  NA,  NA, 805,6.13, 943,5.33, 988,3.37,  NA,  NA,21.6,58.0,39.9,58.0,47.1,57.0
2010, -720, 56.56,67.53,32.48,0,415, 931,5.20, 953,3.21,1108,3.39, 931,3.75,39.8,62.0,49.1,59.0,62.8,58.0,38.7,57.5
2013, -971, 76.52,81.90,18.07,0,470,1130,3.94, 916,5.88, 995,4.98, 980,5.48,63.0,61.0,34.9,62.0,47.2,62.0,44.7,63.0
2020,-1066, 95.23,50.08,49.40,0,286, 968,5.85,1024,3.80, 951,5.00,1183,5.00,41.1,59.0,49.5,58.0,38.7,61.0,65.1,61.0
2010,  558, 59.92,87.13,12.60,0,446,1053,5.71,1106,3.91,1305,4.10, 994,4.53,52.1,63.0,64.4,61.0,82.7,60.0,44.4,60.0
2013, -607, 64.36,34.08,65.30,0,437,1147,4.10, 926,6.04,1003,5.14, 991,5.60,64.1,61.0,35.4,62.0,47.4,62.0,45.3,63.0
2011,  619, 70.82,63.87,36.08,0,300, 958,4.80, 882,5.55, 897,3.50,1021,3.67,40.6,59.0,32.3,61.0,41.0,57.0,51.3,56.0
2015, -555, 63.66,74.13,25.72,0,381, 937,4.89,1221,3.80,1245,4.60, 984,6.60,39.1,60.0,74.3,62.0,72.6,62.0,40.2,62.0
2020, -778,108.38,43.43,56.40,0,298, 968,5.80,1025,3.80, 952,4.90,1183,4.96,41.4,59.0,49.8,58.0,38.9,61.0,65.2,61.0
2016, -610, 80.12,82.14,17.86,0,433, 975,5.11, 882,4.31,1027,3.36,1063,4.06,41.5,59.0,33.7,58.0,55.3,61.0,55.8,61.0
2015, -899, 75.68,93.38, 6.62,0,445, 910,4.55,1080,3.51,1129,4.35, 913,6.30,36.9,59.0,60.8,61.0,62.4,62.0,34.0,62.0
2013, -708, 73.36,75.72,24.28,0,320,1023,4.29, 853,6.14, 959,5.30, 891,6.00,49.3,60.0,25.2,60.0,40.9,62.0,32.7,62.0
2006, -657, 75.38,88.13,11.87,0,410,1099,5.64, 957,4.98, 987,3.86,1143,3.76,58.6,63.0,39.2,59.0,50.5,61.0,66.1,60.0
2012, -119, 93.76,63.93,35.62,0,179, 834,6.60, 945,5.80, 843,6.60, 855,4.50,21.7,60.0,37.9,62.0,25.9,63.0,34.6,60.0
2008,  391, 50.44,20.48,69.03,0,375,1048,3.58, 879,3.91,1021,4.98, 816,4.37,55.2,57.0,31.8,57.0,49.7,60.0,23.5,56.0
2009, -954, 16.68,17.67,82.32,0,399, 972,3.40,1115,3.60, 917,4.00,1047,4.90,50.3,59.0,62.8,58.0,36.3,57.0,53.0,61.0
2013, -748, 79.94,92.25, 7.60,0,413,1161,3.58, 973,5.62, 995,4.72, 949,5.42,66.1,61.0,41.5,61.0,46.5,62.0,42.4,64.0
2022,-1128, 79.68,53.75,45.22,0,284,  NA,  NA, 756,6.00, 896,5.17, 921,3.28,  NA,  NA,16.5,57.0,35.3,57.0,40.1,56.0
2015,-1002, 66.96,56.88,42.51,0,319, 888,5.34,1016,4.44,1010,5.09, 818,6.99,31.5,59.6,51.8,62.0,48.2,62.0,20.7,62.0
2016, -510, 80.60,87.60,12.14,0,496, 996,4.90, 900,4.01,1094,3.01,1149,3.80,44.3,59.0,36.4,58.0,62.6,61.0,64.8,61.0
2012,  991, 53.68,23.52,74.90,0,328, 975,7.00,1098,6.02,1038,6.41,1113,4.73,38.0,62.0,54.1,63.0,47.9,63.0,62.9,61.0
2013,  205, 78.80,69.82,29.84,0,466,1179,3.97, 952,5.90,1025,5.00,1011,5.50,67.7,61.0,38.6,62.0,50.1,62.0,48.0,63.0
2019, -815, 69.93,65.70,34.30,0,348,1017,3.20, 936,4.34,1138,4.41, 929,4.97,51.0,57.0,38.7,59.0,61.8,60.0,35.5,57.0
2009, -498, 68.06,60.57,39.34,0,451,1081,3.83,1199,4.00, 886,4.40,1050,5.41,61.7,60.0,71.8,59.0,33.5,59.0,53.6,62.0
2013, -795, 65.00,24.88,74.40,0,268,1015,4.09, 869,5.92, 949,5.10, 873,5.88,48.2,59.0,26.7,59.0,39.3,60.0,30.6,61.0
2010, -485, 49.80,68.66,31.33,0,323, 887,5.50, 903,3.48,1027,3.60, 876,3.98,33.2,61.0,42.0,58.0,52.3,56.2,31.1,56.0
2008, -624, 60.79,70.45,28.99,0,343,1069,4.25, 835,4.59, 987,5.69, 801,5.03,56.9,59.0,26.8,58.0,45.8,62.0,21.4,57.0
2017, -731, 81.82,84.13,15.87,0,464,1310,4.77, 996,5.37, 914,4.47,1085,3.47,81.8,62.0,43.8,60.0,37.6,59.0,61.6,61.0
2010, 1250, 78.67,63.22,35.67,0,438,1021,5.50,1029,3.66,1235,3.80, 995,4.28,49.8,64.0,57.8,61.0,76.6,60.0,45.8,60.0
2013, -725, 56.67,13.61,83.67,0,264,1009,4.10, 865,6.00, 951,5.20, 869,5.90,47.4,59.0,26.1,59.0,39.5,60.0,30.0,62.0
2004,-1532, 12.59,38.21,59.78,0,300, 813,3.30, 962,3.39, 846,4.30, 890,5.20,31.1,57.0,45.3,57.0,33.1,58.0,33.3,59.0
2013, -431, 79.94,84.10,15.67,0,365,1233,4.76, 969,6.76,1068,5.81,1038,6.21,71.1,62.0,38.3,62.0,52.1,63.0,48.8,63.0
2016, -973, 68.98,66.21,33.39,0,369, 974,5.23, 871,4.43, 985,3.60,1031,4.20,39.6,59.0,30.6,58.0,49.1,61.0,50.8,61.0
2010, -776, 68.52,62.90,32.71,0,418, 936,5.82,1013,3.90,1101,4.02, 858,4.36,39.0,63.0,54.2,60.0,61.2,59.0,30.2,58.0
2012, -715, 75.58,81.13,18.25,0,470, 887,6.10, 991,5.20, 972,5.70,1081,3.80,31.5,62.0,46.6,63.0,43.6,63.0,61.8,60.0
2009, 1084, 66.20,68.39,30.64,0,367, 970,3.84,1060,4.00, 848,4.32, 999,5.44,49.2,59.0,56.3,58.0,28.5,58.0,47.4,61.0
2010, -791, 69.60,56.49,43.29,0,428, 956,5.79,1053,3.88,1151,4.02, 868,4.39,41.3,63.0,58.5,60.0,66.7,59.0,31.4,59.0
2018, -897, 75.58,71.25,28.72,0,323, 960,4.70,1180,4.70, 939,5.30, 840,4.50,40.5,60.0,65.6,60.0,35.6,58.0,27.0,57.0
2019, -766, 83.48,48.17,51.24,0,260,1010,3.91, 940,5.09,1170,5.11, 929,5.62,47.7,58.0,37.2,61.0,63.3,61.0,33.3,58.0
2016, -191, 81.20,83.44,14.41,0,425, 980,5.54, 899,4.66,1054,3.66,1094,4.44,41.5,60.0,35.4,59.0,58.0,61.0,58.7,62.0
2019, -789, 80.24,81.87,18.10,0,475,1109,2.75, 995,3.91,1187,4.01, 979,4.60,63.0,58.0,47.0,60.0,69.3,60.0,42.9,58.0
2012, -438, 68.40,37.07,61.22,0,319, 898,5.60, 960,4.72, 886,5.50, 902,3.50,30.8,59.0,41.1,60.0,33.1,61.0,41.8,58.0
2008,  330, 79.48,70.34,29.36,0,219, 956,4.30, 843,4.60, 984,5.70, 773,5.10,43.3,58.0,26.3,57.0,43.9,61.0,16.8,57.0
2008, -594,105.14,87.26,12.51,0,492,1219,3.62, 936,4.02,1082,5.02, 902,4.32,74.7,59.0,39.4,59.0,57.7,62.0,34.3,57.0
2010,-1058, 71.96,68.01,31.32,0,495,1026,5.40,1100,3.60,1257,3.70, 950,4.12,50.0,63.0,64.5,60.0,78.6,59.0,40.8,59.0
2021, -892, 90.98,61.28,38.63,0,263, 845,6.69, 984,5.90,1045,3.89, 958,5.02,24.6,59.0,42.6,59.0,51.7,58.0,39.3,60.0
2018, 1277, 84.22,89.84,10.04,0,452,1116,4.71,1257,4.81,1028,5.41, 943,4.46,59.9,62.0,77.1,63.0,47.7,60.0,41.0,60.0
2013, -765, 44.70,59.14,40.75,0,246, 988,4.40, 855,6.20, 956,5.40, 859,6.20,45.2,60.0,24.8,60.0,40.0,61.0,28.7,62.9
2015, -737, 84.60,91.75, 8.11,1,461, 869,3.93,1171,2.87,1190,3.53, 990,5.57,33.3,58.0,70.6,61.0,69.3,61.0,43.3,61.2
2010,-1709, 88.79,83.46,16.51,0,191, 846,6.61, 858,4.51, 945,4.68, 836,4.93,26.3,63.0,35.0,60.0,41.4,58.0,24.8,58.0
2015, -380, 66.44,65.23,34.77,0,356, 838,4.10,1004,3.20,1060,3.80, 892,5.70,27.7,56.0,51.4,59.0,54.0,59.0,30.4,59.0
2007,  817,109.43,59.81,40.17,0,331, 996,5.40,1077,6.25, 945,5.60, 999,4.56,42.0,60.0,53.8,63.0,35.3,58.0,49.1,60.0
2018, -717, 82.16,82.75,17.25,0,487,1145,4.50,1308,4.60,1004,5.19, 917,4.30,62.6,62.0,82.1,62.0,45.1,59.0,38.3,59.0
2015, -841, 80.36,83.42,16.58,0,473, 915,4.41,1088,3.39,1138,4.19, 920,6.13,37.9,59.0,62.0,61.0,63.7,62.0,35.1,62.0
2013,-1129, 66.36,49.80,50.00,0,431,1071,4.05, 871,5.97, 967,5.07, 944,5.62,56.8,61.0,29.7,61.0,44.0,62.0,40.6,63.0
2019, 2033, 17.83,67.01,32.14,0,321,1253,4.30,1132,5.43,1338,5.42, 967,6.01,74.4,60.0,58.5,62.0,82.1,63.0,37.9,60.0
2011, -626, 69.04,48.05,51.93,0,322, 961,4.85, 908,5.55, 927,3.55,1059,3.70,41.3,60.0,35.4,61.0,44.5,58.0,55.8,57.0
2016, -959, 81.41,84.00,15.99,0,474, 998,5.33, 915,4.43,1087,3.43,1136,4.23,44.2,60.0,38.0,59.0,61.9,61.0,63.5,62.0
2006,-1371, 69.50,60.97,39.00,0,418,1054,4.70, 858,4.10, 857,2.84, 997,2.88,54.3,61.0,29.3,56.0,38.1,58.0,50.9,58.0
2021,  864, 89.54,55.49,43.52,0,456, 982,5.75,1078,5.08,1212,3.20,1044,4.38,44.1,60.0,58.2,61.0,73.9,60.0,52.7,62.0
2020,-1076, 75.00,57.12,42.86,0,318, 912,4.96, 937,3.10, 887,4.20,1076,4.30,37.6,57.0,42.4,56.0,33.2,58.0,54.8,58.2
2015, -653, 69.60,80.09,19.91,0,479, 914,4.40,1065,3.40,1099,4.19, 889,6.10,37.6,59.0,59.6,61.0,59.9,62.0,31.9,62.0
2007,  674, 72.94,86.53,13.29,0,267, 843,4.97, 986,6.13, 777,5.48, 785,4.37,25.1,58.0,43.2,62.0,16.0,58.0,25.7,59.0
2013, -636, 76.74,91.53, 8.20,0,438,1201,3.69, 994,5.75,1023,4.83, 986,5.53,70.9,62.0,44.4,62.0,50.0,62.5,46.9,64.0
2006,-2110, 30.12,31.21,60.62,0,309,1015,5.10, 821,4.50, 816,3.30, 963,3.30,48.4,60.0,23.3,55.9,31.6,57.0,45.7,57.0
2014, -438, 68.20,78.38,21.62,0,374,1128,3.08,1140,3.70, 961,5.75, 982,4.85,65.3,60.1,63.3,61.0,39.5,61.0,44.6,61.1
2007,-1114, 71.52,87.14,12.63,0,433,1027,4.71,1103,5.51, 960,4.89, 995,3.79,48.0,61.0,59.1,63.0,39.8,59.0,51.5,61.0
2013, -611, 81.67,63.22,35.67,0,438,1228,3.80,1004,5.81,1040,4.91,1021,5.50,72.9,62.0,44.6,62.0,51.3,62.0,49.8,64.0
2013, -782, 64.50,63.12,36.69,0,405,1224,3.87,1006,5.99,1037,5.07, 997,5.73,73.7,63.0,46.3,63.0,51.8,63.0,48.6,65.0
2009, -554, 67.62,46.88,52.63,0,425, 980,3.32,1126,3.51, 926,3.90,1056,4.82,51.7,59.0,64.4,58.0,37.8,57.8,54.4,61.0
2013, -388, 68.28,63.91,35.19,0,307,1055,3.90, 892,5.80, 954,5.00, 897,5.68,52.6,59.0,29.7,59.0,40.2,60.0,33.7,61.0
2010, -772, 74.36,83.29,16.70,0,373, 916,5.93, 982,3.94,1072,4.13, 842,4.44,36.4,63.0,50.4,60.0,57.6,59.0,27.9,58.0
2010, -906, 64.82,77.40,22.58,0,368,1021,6.10,1095,4.36,1272,4.50, 948,4.94,47.2,63.0,61.9,61.0,77.9,60.0,38.2,60.0
2018, -724, 59.42,51.11,48.88,0,325, 882,4.11,1072,4.29, 903,4.80, 818,3.99,32.8,58.0,54.6,59.0,32.9,57.0,25.5,55.0
2010, -425, 64.36,21.30,77.75,0,275, 881,5.90, 900,3.83,1002,4.00, 855,4.30,31.5,62.0,40.6,58.0,48.7,57.0,27.8,57.0
2018, -647, 70.38,73.28,26.69,0,324, 885,4.10,1073,4.28, 905,4.80, 819,3.98,33.1,58.0,54.6,58.0,33.0,56.0,25.5,55.0
2012, -730, 73.15,14.32,75.42,0,220, 852,6.29, 946,5.43, 858,6.20, 876,4.14,24.0,59.0,38.3,61.0,28.1,62.0,37.2,58.0
2012,  521, 59.90,90.73, 8.98,0,496, 966,5.83,1040,4.93,1025,5.41,1099,3.60,40.3,62.0,51.9,62.0,49.7,63.0,64.3,60.0
2016, -570, 75.72,81.58,18.43,0,437, 996,5.33, 898,4.53,1033,3.62,1058,4.29,43.0,59.0,34.9,59.0,55.5,61.0,55.1,62.0
2015, -549, 77.19,74.78,24.63,0,397, 949,4.80,1273,3.70,1278,4.50,1008,6.50,41.0,60.0,80.2,62.0,76.6,62.0,43.4,62.0
2013, -369, 77.94,77.53,22.26,0,341,1028,4.32, 843,6.17, 947,5.32, 907,5.95,50.9,61.0,25.0,61.0,40.4,62.0,35.1,62.0
2009,  892, 68.84,28.80,66.00,0,270, 883,4.11, 971,4.25, 850,4.55, 994,5.66,38.5,59.0,45.0,58.0,27.0,57.6,45.0,61.0
2018,-1771, 30.08,45.58,54.12,0,388, 900,3.91,1083,4.10, 918,4.61, 830,3.80,35.7,59.0,56.9,59.0,35.5,57.0,27.7,55.0
2015,-1435, 80.60,80.16,19.83,0,383, 848,4.32,1175,3.22,1171,3.90, 976,6.00,30.9,58.8,71.1,62.0,67.2,62.0,42.0,62.0
2011,  635, 75.40,82.47,17.39,0,327, 975,5.50, 896,6.25, 919,4.15,1001,4.30,42.0,62.0,32.4,63.0,42.4,60.0,48.3,58.0
2018, -942, 73.18,35.96,64.01,0,263, 914,4.71,1120,4.81, 912,5.38, 821,4.51,35.0,59.0,58.4,60.0,32.1,57.0,24.2,56.0
2013, -583, 90.00,42.14,54.46,0,256, 991,4.30, 858,6.17, 956,5.36, 860,6.10,45.7,60.0,25.3,60.0,40.1,61.0,29.0,62.4
2010, -836, 73.54,72.54,27.40,0,448, 944,5.40, 993,3.40,1096,3.60, 877,3.90,40.8,62.0,53.0,59.0,61.5,58.0,32.8,58.0
2010,-1126, 73.74,78.41,21.56,0,497, 991,5.48,1086,3.60,1208,3.70, 906,4.10,46.1,63.0,63.0,60.0,73.5,59.0,36.3,59.0
2018, -901, 75.72,60.81,38.37,0,321, 960,4.69,1178,4.70, 938,5.29, 839,4.50,40.6,60.0,65.5,60.0,35.6,58.0,27.0,57.0
2009, -257, 67.24,31.61,67.97,1,388, 951,3.30,1107,3.48, 927,3.82,1048,4.80,48.6,59.0,62.3,58.0,37.9,57.0,53.3,60.8
2012, -723, 77.06,76.64,23.35,0,459, 913,6.15,1000,5.23, 987,5.69,1099,3.85,34.2,62.0,47.4,63.0,44.9,63.0,63.5,60.0
2010, -930, 67.21,76.23,23.54,0,309, 904,6.50, 982,4.51,1066,4.69, 831,4.99,33.4,63.0,48.8,60.0,55.2,59.0,25.1,59.0
2006, -714, 73.48,72.31,27.67,0,409,1061,5.29, 883,4.63, 910,3.53,1053,3.43,54.4,61.0,31.1,57.0,42.3,59.0,56.4,58.0
2014, -769, 59.78,18.93,73.79,0,246, 942,3.83,1001,4.43, 850,6.26, 947,5.44,43.4,60.0,46.2,60.0,23.9,60.0,38.7,61.0
2019, -730, 49.48,73.30,26.56,0,343,1250,4.12,1127,5.29,1340,5.29, 975,5.89,74.3,59.0,58.2,62.0,82.5,63.0,39.1,60.0
2006, -729, 69.48,70.61,29.39,0,441,1025,5.35, 837,4.66, 878,3.59, 996,3.46,51.2,62.0,26.6,57.5,39.1,59.0,50.8,59.0
2021,-1169, 83.06,59.84,40.13,0,373, 832,5.95, 972,5.15,1022,3.15, 947,4.33,25.5,58.0,44.0,58.0,51.6,57.0,40.1,60.0
2013, -807, 77.12,85.10,14.81,0,410,1160,3.60, 972,5.65, 994,4.75, 949,5.45,66.0,61.0,41.4,61.0,46.4,62.0,42.3,64.0
2017, 1109, 33.48,45.59,53.69,0,385,1084,4.10, 921,4.70, 831,3.80,1060,2.80,57.1,59.0,36.0,57.0,28.0,56.0,58.0,59.0
2006, -617, 27.00,25.29,74.25,0,284,1001,5.21, 803,4.60, 797,3.40, 946,3.40,46.2,60.0,20.6,55.1,28.9,57.0,43.4,57.0
2013,  881, 72.27,92.95, 6.84,0,498,1277,3.87,1026,5.89,1088,4.91,1066,5.41,78.4,62.0,47.3,62.0,56.9,63.0,54.9,64.0
2010,-1264, 65.36,69.66,30.33,0,475, 981,5.45,1065,3.58,1188,3.70, 899,4.10,44.9,63.0,60.7,60.0,71.3,59.0,35.4,58.0
2021, 1308, 30.88,78.55,21.44,0,350,1077,6.86,1201,6.26,1261,4.16,1139,5.30,50.5,61.0,65.9,62.0,75.7,60.0,59.5,62.0
2013, 1063, 62.72,71.39,28.57,0,483,1177,4.00, 948,5.90,1026,5.00,1014,5.50,67.8,61.0,38.4,62.0,50.5,62.6,48.4,63.0
2010, -485, 65.90,64.50,34.32,0,473, 968,5.80,1081,3.90,1184,4.10, 881,4.41,42.9,63.0,61.5,60.0,70.2,59.9,32.9,59.0
2015, -724, 62.48,71.36,28.65,0,309, 840,4.60, 965,3.71,1021,4.34, 851,6.20,26.7,57.0,46.5,60.0,48.9,60.0,24.7,60.0
2010,  718, 75.20,86.89,12.64,0,291, 887,6.30, 913,4.20, 995,4.37, 848,4.70,31.3,63.0,41.5,59.0,47.5,58.0,26.5,58.0
2007, -549, 50.89,62.90,35.68,0,292, 827,5.08, 980,6.25, 795,5.58, 838,4.51,24.4,59.0,43.4,62.0,19.0,58.0,32.0,60.0
2011,  551, 76.14,87.63,12.14,0,269, 953,5.79, 881,6.50, 909,4.43, 991,4.57,38.9,62.0,30.1,63.0,40.6,60.0,46.5,58.0
2015,  749, 70.08,58.31,41.65,0,412, 848,4.00, 991,3.10,1048,3.71, 885,5.60,29.6,57.0,50.8,60.0,53.6,60.0,30.5,60.0
2015, -850, 79.22,78.74,21.23,0,464, 918,4.52,1083,3.51,1130,4.31, 916,6.24,37.9,59.0,61.3,61.0,62.7,62.0,34.5,62.0
2019, -854, 84.28,94.72, 4.89,0,518,1277,3.20,1091,4.30,1251,4.42,1039,5.02,81.5,61.0,58.6,62.2,77.7,63.0,50.2,60.0
2006,-1407, 70.48,85.08,14.67,0,454,1100,5.41, 951,4.75, 986,3.66,1136,3.55,58.8,63.0,38.7,58.0,50.5,60.0,65.4,59.0
2016, -809, 87.36,86.02,13.98,0,480,1000,5.25, 917,4.41,1088,3.35,1137,4.18,44.4,59.3,38.2,59.0,62.1,61.0,63.7,62.0
2012,  791, 75.34,55.45,44.35,1,428, 945,5.91,1008,5.05, 991,5.55,1041,3.68,37.3,61.0,47.7,62.0,45.4,62.0,57.6,60.0
2013, -723, 87.48,70.71,29.28,0,419,1200,3.81, 991,5.90,1021,4.99, 983,5.66,70.7,62.0,44.1,63.0,49.7,63.0,46.5,65.0
2013, -524, 77.32,83.10,16.81,0,463,1144,4.28, 924,6.27,1018,5.29, 991,5.77,64.0,62.0,35.4,62.0,49.1,63.0,45.4,63.0
2020,-1777, 85.54,82.65,17.28,0,370,1149,5.97,1214,3.87,1099,5.01,1322,5.01,61.0,61.0,71.0,59.0,55.6,62.0,81.0,62.0
2021,  946, 84.00,79.00,20.90,0,381, 807,5.60, 934,4.76, 963,2.90, 903,4.00,23.4,57.0,41.3,58.0,46.4,57.0,36.0,59.0
2017, -393,109.39,40.75,28.34,1,279,1346,5.60, 979,6.20, 878,5.40,1006,4.50,81.7,63.0,37.8,60.0,29.4,59.0,49.8,61.6
2013, -767, 77.78,80.13,19.75,0,397,1192,3.84, 986,5.94,1013,4.99, 969,5.69,70.0,62.1,43.7,63.0,48.8,63.0,45.2,65.0
2010, -942, 65.71,80.90,19.06,0,502, 964,5.40,1044,3.45,1147,3.61, 886,3.96,43.6,63.0,58.9,60.0,67.5,59.0,34.5,58.5
2010,-1060, 54.06,68.09,31.79,0,486, 970,5.42,1057,3.52,1167,3.70, 885,4.05,44.1,63.0,60.0,60.0,69.4,59.0,34.3,59.0
2013,  859,109.92,68.90,30.75,0,339,1010,4.30, 851,6.12, 972,5.30, 889,6.08,48.1,61.0,24.8,60.0,42.1,62.0,32.3,63.0
2020,  597, 84.26,83.60,16.16,0,480,1067,4.93,1139,2.93,1024,4.08,1226,4.17,55.9,60.0,65.9,58.0,50.0,60.7,73.3,61.0
2013, -648, 60.60,69.67,29.88,0,283,1012,4.50, 843,6.38, 952,5.52, 885,6.20,47.5,60.0,23.2,60.0,39.4,62.0,31.2,62.0
2008, -428, 47.13,28.53,70.53,0,277,1021,3.91, 859,4.30, 995,5.30, 797,4.70,50.6,57.0,28.1,56.0,45.4,60.0,19.7,56.0
2021,  666, 84.80,87.26,12.58,0,494,1053,5.83,1167,5.18,1272,3.19,1113,4.34,51.2,61.0,66.4,61.0,79.9,59.0,59.6,62.0
2012, -870, 80.32,85.56,14.44,0,444, 897,6.20, 991,5.27, 976,5.77,1086,3.87,32.3,62.0,46.3,63.0,43.5,63.0,62.1,60.0
2013,-1370, 69.41,72.17,27.36,0,390,1047,4.67, 847,6.57, 967,5.67, 937,6.19,53.3,62.0,25.7,62.0,42.6,63.0,38.3,63.0
2008, -742, 66.42,78.86,14.91,0,317,1005,4.30, 853,4.60, 999,5.74, 787,5.10,48.7,58.0,27.4,58.0,45.7,62.0,18.6,57.0
2016, -653, 20.10,46.83,53.17,0,382, 920,4.67, 831,3.80,1050,2.82,1096,3.47,35.7,57.0,27.8,55.3,56.8,59.0,58.3,59.0
2007, -542, 67.44,83.03,16.86,0,496, 938,4.00,1083,5.00, 903,4.32, 933,3.26,39.7,59.0,58.0,62.0,34.6,57.0,45.9,59.0
2006, -378, 66.06,82.30,17.69,0,523,1079,5.10, 898,4.40, 944,3.40,1072,3.25,57.4,62.0,33.8,58.0,46.7,60.0,59.4,59.0
2018, -643, 79.96,63.21,36.68,0,440,1019,4.26,1196,4.40, 982,4.94, 885,4.10,49.1,60.6,69.8,61.0,42.5,58.0,34.2,57.0
2008,-1187, 11.17,26.27,65.21,0,309,1056,3.77, 883,4.10,1016,5.10, 822,4.50,55.2,57.0,31.5,56.0,48.4,60.0,23.3,56.0
2017,-1045, 73.78,50.57,49.22,0,310,1174,4.79, 934,5.30, 836,4.52, 971,3.62,64.9,60.0,35.0,58.0,26.4,57.0,47.2,60.0
2018, -593, 77.02,63.47,36.30,0,310, 959,4.80,1183,4.80, 940,5.39, 840,4.60,40.1,60.0,65.6,61.0,35.4,58.0,26.8,57.0
2013, -974, 75.58,76.34,23.42,0,373,1051,4.10, 862,6.00, 950,5.15, 921,5.74,53.8,61.0,28.0,61.0,41.4,62.0,37.3,62.0
2010, -344, 76.52,60.50,39.15,0,455, 984,5.67,1088,3.79,1210,3.96, 894,4.36,44.6,63.0,62.5,60.0,73.0,59.0,34.3,59.0
2013, -415, 68.98,17.25,75.94,0,237,1002,4.65, 836,6.52, 937,5.68, 872,6.38,45.8,60.0,21.8,60.0,37.1,61.0,29.2,62.0
2014, -767, 80.34,82.75,17.04,0,434,1234,3.09,1216,3.74,1002,5.84,1033,4.92,78.1,62.0,72.8,63.0,45.8,63.0,51.3,63.0
2012, -929, 74.62,87.76,12.25,0,489, 904,6.02, 999,5.11, 984,5.61,1095,3.71,33.7,62.0,47.8,63.0,45.1,63.0,63.5,60.0
2007, -681, 73.12,70.97,28.92,0,346, 888,3.87,1024,4.90, 823,4.30, 815,3.00,32.6,56.0,49.7,60.0,24.0,55.0,32.1,57.0
2018, -753,108.22,65.57,33.44,0,274, 943,5.08,1175,5.09, 931,5.60, 838,4.80,37.6,61.0,63.9,61.0,33.7,58.0,25.7,57.0
2019, -730, 79.98,43.15,56.82,0,306,1008,3.38, 932,4.54,1139,4.61, 925,5.14,49.1,57.0,37.5,59.0,61.2,59.7,34.3,57.0
2013, -404, 84.84,69.05,30.15,1,443,1164,3.83, 950,5.78,1012,4.93, 993,5.43,66.0,61.0,38.2,61.0,48.4,62.0,46.0,62.0
2010, -782, 71.62,72.47,27.21,0,434, 939,5.42, 989,3.49,1091,3.62, 872,3.99,40.1,62.0,52.4,59.0,60.8,58.0,32.2,58.0
2021,-1071, 80.42,80.30,19.67,0,404, 837,5.52, 945,4.72, 984,2.97, 907,4.02,27.7,58.0,44.0,59.0,49.7,58.0,37.5,60.0
2009,  463, 65.72,41.19,58.81,0,366, 927,3.70,1020,3.80, 863,4.11,1007,5.20,44.5,59.0,51.9,58.0,29.8,57.0,48.0,61.0
2015, -234, 83.51,74.70,24.88,0,195, 824,5.19, 920,4.43, 965,4.96, 822,6.76,22.9,58.0,39.8,61.0,41.4,61.0,19.3,60.0
2019,-2001, 17.00,35.31,63.40,0,276, 919,3.22, 874,4.30,1061,4.45, 894,5.00,40.0,56.0,31.2,58.0,52.6,58.0,31.1,56.0
2012,  770, 60.06,49.11,50.47,0,432, 872,5.98, 967,5.08, 945,5.61,1020,3.68,29.8,61.0,44.0,62.0,40.6,63.0,55.5,60.0
2015,-1361, 78.34,88.13,11.75,0,518, 894,3.90,1076,2.91,1128,3.66, 918,5.56,36.5,58.0,61.5,61.0,63.4,61.0,35.9,62.0
2021,  819, 88.42,48.21,44.96,0,297, 940,6.80,1072,6.13,1135,4.08,1032,5.20,35.1,60.0,51.9,60.0,61.5,59.0,47.5,61.0
2013, -424, 61.82,39.31,60.63,0,404,1078,3.68, 900,5.53, 978,4.73, 927,5.38,56.7,60.0,32.2,60.0,44.5,61.0,38.5,62.0
2013,-1390, 86.71,82.67,17.26,0,417,1281,4.14,1029,6.19,1083,5.25,1060,5.80,78.2,62.0,47.2,63.0,55.5,63.0,53.7,64.0
2016, -632, 77.70,76.14,23.86,0,471, 981,4.89, 886,4.02,1050,3.09,1096,3.80,42.8,59.0,34.8,58.0,58.2,61.0,59.6,61.0
2016, -480, 77.52,88.51,11.40,0,357, 961,5.35, 863,4.58, 988,3.70,1028,4.33,38.3,59.0,29.9,58.0,49.6,61.0,50.7,61.0
2013, -869, 73.26,70.85,29.10,0,398,1043,4.11, 856,5.99, 959,5.12, 920,5.72,53.2,61.0,27.2,61.0,42.5,62.0,37.4,63.0
2008, -705, 29.38,23.28,73.72,0,300,1053,3.80, 881,4.19,1013,5.17, 820,4.52,54.7,57.0,31.0,56.0,48.0,60.0,22.9,56.0
2012,-1065, 61.02,82.39,17.61,0,321, 867,5.87, 962,5.05, 885,5.77, 906,3.74,26.9,59.0,41.4,61.0,32.3,62.0,41.7,58.0
2012,  299, 63.96,52.91,46.98,0,351, 858,6.10, 939,5.24, 914,5.84, 964,3.89,27.2,61.0,40.0,62.0,36.3,62.0,48.7,59.0
2018, -552, 64.68,57.11,38.37,0,262, 901,4.70,1107,4.80, 909,5.30, 820,4.50,33.7,59.0,57.3,60.0,32.1,57.0,24.4,56.0
2008,-1040, 44.67,24.04,74.19,0,304,1055,3.79, 882,4.13,1015,5.10, 821,4.50,54.9,57.0,31.3,56.0,48.2,60.0,23.1,56.0
2017, -960, 62.90,38.03,61.87,0,219,1128,5.23, 909,5.74, 826,4.93, 920,4.14,58.8,61.0,31.3,59.0,24.1,57.0,40.7,60.0
